claim_id,claim_text,evidence_text,ground_truth,prediction,confidence,nli_entailment,nli_contradiction,similarity,retrieval_score,reliability,agreement,error_category
2646_c2,"The incident took place shortly after a meeting between a senior US official and a provincial governor, and a number of other troops were also injured.","A U.S. Army soldier was killed Wednesday in an attack in eastern Afghanistan by an Afghan National Army gunman, a U.S. military official told CNN, shortly after an American official met with a provincial governor. A U.S. defense official didn't provide details about the attack in the city of Jalalab",SUPPORTED,UNVERIFIED,0.3932,0.0003,0.1999,0.6284,0.6888,0.6284,0.8,
2646_c3,"The Afghan shooter was killed in the ensuing gunfight, however it is not currently known if this was the same soldier who initiated the attack.","A U.S. Army soldier was killed Wednesday in an attack in eastern Afghanistan by an Afghan National Army gunman, a U.S. military official told CNN, shortly after an American official met with a provincial governor. A U.S. defense official didn't provide details about the attack in the city of Jalalab",CONTRADICTED,SUPPORTED,0.3974,0.0003,0.2144,0.6416,0.7202,0.6416,0.8,
2647_c2,The attack took place at a provincial governor's compound in Jalalabad.,"A U.S. Army soldier was killed Wednesday in an attack in eastern Afghanistan by an Afghan National Army gunman, a U.S. military official told CNN, shortly after an American official met with a provincial governor. A U.S. defense official didn't provide details about the attack in the city of Jalalab",SUPPORTED,UNVERIFIED,0.371,0.0004,0.2521,0.5767,0.6282,0.5767,0.8,
2647_c3,The Afghan soldier opened fire on the U.S. troops as they were leaving a meeting.,"A U.S. Army soldier was killed Wednesday in an attack in eastern Afghanistan by an Afghan National Army gunman, a U.S. military official told CNN, shortly after an American official met with a provincial governor. A U.S. defense official didn't provide details about the attack in the city of Jalalab",SUPPORTED,UNVERIFIED,0.4097,0.0009,0.0011,0.569,0.6661,0.569,1.0,
2647_c4,"In the subsequent exchange of gunfire, the Afghan soldier was killed and another was injured.","A U.S. Army soldier was killed Wednesday in an attack in eastern Afghanistan by an Afghan National Army gunman, a U.S. military official told CNN, shortly after an American official met with a provincial governor. A U.S. defense official didn't provide details about the attack in the city of Jalalab",SUPPORTED,UNVERIFIED,0.393,0.0004,0.1997,0.6115,0.6982,0.6115,0.8,
2647_c5,The motive for the shooting is still unknown.,"his gun, a dark object falls behind him and hits the ground. It's not clear whether that is the Taser. Later in the video, when the officer approaches Scott's body, he drops a dark object next to the man. It's not clear whether that is the Taser. It's unknown whether Scott took the officer's Taser o",SUPPORTED,UNVERIFIED,0.3672,0.0003,0.4074,0.686,0.6901,0.686,0.6,
2648_c7,"Despite this, the decline in such attacks is being seen due to various factors, including fewer U.S. soldiers in the country and improved counterintelligence efforts.","U.S. defense official said, speaking on condition of anonymity. Those troops belong to the NATO-led Resolute Support mission meant to train and support Afghan troops. The defense official did not provide the nationalities of the injured Resolute Support troops. Most of the troops involved with Resol",SUPPORTED,UNVERIFIED,0.3929,0.0029,0.0041,0.5894,0.6086,0.5894,1.0,
2649_c2,"The attack occurred during a meeting with a provincial governor, and the assailant was later killed in an exchange of gunfire.","A U.S. Army soldier was killed Wednesday in an attack in eastern Afghanistan by an Afghan National Army gunman, a U.S. military official told CNN, shortly after an American official met with a provincial governor. A U.S. defense official didn't provide details about the attack in the city of Jalalab",SUPPORTED,UNVERIFIED,0.3986,0.0012,0.0054,0.6119,0.6578,0.6119,1.0,
2650_c2,The incident occurred after a meeting between a U.S. official and a provincial governor.,"A U.S. Army soldier was killed Wednesday in an attack in eastern Afghanistan by an Afghan National Army gunman, a U.S. military official told CNN, shortly after an American official met with a provincial governor. A U.S. defense official didn't provide details about the attack in the city of Jalalab",SUPPORTED,UNVERIFIED,0.3849,0.0005,0.0011,0.6376,0.6567,0.6376,1.0,
2650_c3,The motive behind the attack is unknown.,"ties. According to Flade, German police established that the couple had recently traveled to Spain, where they met with members of Sharia4Spain, a radical pro-jihadist group linked to Al Muhajiroun in the United Kingdom. Spanish police had monitored the meeting in Spain. They also established that t",SUPPORTED,UNVERIFIED,0.3693,0.0029,0.0019,0.6812,0.6887,0.6812,1.0,
2651_c2,An Afghan soldier also died in the exchange of gunfire.,"A U.S. Army soldier was killed Wednesday in an attack in eastern Afghanistan by an Afghan National Army gunman, a U.S. military official told CNN, shortly after an American official met with a provincial governor. A U.S. defense official didn't provide details about the attack in the city of Jalalab",SUPPORTED,UNVERIFIED,0.4075,0.0003,0.0645,0.5969,0.6927,0.5969,1.0,
2651_c3,"The attack occurred after a U.S. official met with a provincial governor, and the motive is currently unknown.","A U.S. Army soldier was killed Wednesday in an attack in eastern Afghanistan by an Afghan National Army gunman, a U.S. military official told CNN, shortly after an American official met with a provincial governor. A U.S. defense official didn't provide details about the attack in the city of Jalalab",SUPPORTED,UNVERIFIED,0.3888,0.0031,0.003,0.635,0.6652,0.635,1.0,
13203_c4,Ear size: There is no mention of ear size being a distinguishing feature between the two species.,"Question: what makes the two toed sloth different passage 1:The two-toed sloth is slightly bigger than the three-toed sloth, though they share many of the same features. They are about the size of a medium-sized dog at around 23 to 27 inches (58 to 68 cm) and 17.5 to 18.75 pounds (about 8 kilograms)",CONTRADICTED,UNVERIFIED,0.4389,0.1995,0.217,0.6445,0.6631,0.6445,0.6,
13203_c7,"Antler growth: Both species have annual antler growth, but mule deer antlers start to regrow immediately after shedding, while white-tailed deer antlers take longer to regrow.","seven months, for white-tailed deer 6 1/2 months. passage 3:The most noticeable differences between white-tailed and mule deer are the size of their ears, the color of their tails, and the configuration of their antlers.In many cases, body size is also a key difference. The mule deer's tail is black",CONTRADICTED,SUPPORTED,0.5528,0.197,0.0111,0.6817,0.8778,0.6817,0.8,
13203_c8,Unable to answer based on given passages.,"Question: how did different groups understand or experience the four freedoms differently

passage 1:Sometimes we fail to hear or heed these voices of freedom because to us the privilege of our freedom is such an old, old story. —Franklin Delano Roosevelt, in his Third Inaugural Address, January 20,",SUPPORTED,CONTRADICTED,0.3895,0.0003,0.1492,0.661,0.681,0.661,0.8,
13204_c4,Body size: Mule deer tend to be larger in body size than whitetail deer.,"seven months, for white-tailed deer 6 1/2 months. passage 3:The most noticeable differences between white-tailed and mule deer are the size of their ears, the color of their tails, and the configuration of their antlers.In many cases, body size is also a key difference. The mule deer's tail is black",UNVERIFIED,SUPPORTED,0.4973,0.1993,0.1998,0.703,0.8321,0.703,0.6,
13204_c6,Let me know if you have any further questions or if there's anything else I can help with.,"the future.\n\nAs always, if you have any suggestions, comments, or requests about future services, then please let us know.\n\nHope to see you soon!\n\nThe Santa Barbara Wine Spa Team\nWeb: http://santabarbarawinespa.com\nPhone: (949) 310-7016\""\n\nJust wow.""}, {""review_stars"": 1.0, ""review_date"": ",SUPPORTED,CONTRADICTED,0.4082,0.0109,0.002,0.6059,0.6191,0.6059,1.0,
13205_c3,"Gestation for mule deer is seven months, while for white-tailed deer it is 6 1/2 months.
* Body size: Mule deer are generally larger than white-tailed deer.
* Ear size: Mule deer have larger ears than white-tailed deer.","seven months, for white-tailed deer 6 1/2 months. passage 3:The most noticeable differences between white-tailed and mule deer are the size of their ears, the color of their tails, and the configuration of their antlers.In many cases, body size is also a key difference. The mule deer's tail is black",UNVERIFIED,SUPPORTED,0.5459,0.0091,0.0005,0.6911,0.8652,0.6911,1.0,
13118_c2,"However, there is no mention of how often they should exercise overall.","Question: how often do you exercise

passage 1:Aerobic Exercise. The CDC suggests that adults get at least two hours and 30 minutes of moderate aerobic activity per week, or one hour and 15 minutes of vigorous exercise per week. This breaks down to about 30 minutes of exercise per day for at least f",CONTRADICTED,UNVERIFIED,0.4028,0.0004,0.0002,0.5915,0.6397,0.5915,1.0,
13119_c1,"Based on the provided passages, I can answer the following questions:

1.",Question: how to write a receptionist cover letter passage 1:Medical Receptionist Cover Letter Sample 3: Exploring opportunities within your company is of great interest to me. In response to the notice you put online I would like to apply for the position you have available. went through the listed,SUPPORTED,CONTRADICTED,0.3739,0.0018,0.0088,0.6592,0.6733,0.6592,1.0,
13119_c5,Do you take rest days?,"Question: how often do you exercise

passage 1:Aerobic Exercise. The CDC suggests that adults get at least two hours and 30 minutes of moderate aerobic activity per week, or one hour and 15 minutes of vigorous exercise per week. This breaks down to about 30 minutes of exercise per day for at least f",SUPPORTED,UNVERIFIED,0.3925,0.0008,0.0003,0.6135,0.6373,0.6135,1.0,
936_c3,"However, two juries could not reach a unanimous decision on this, removing the death penalty option.","Russian Muslims whose American dream failed. Under federal law, the jury's decision must be unanimous. A deadlocked jury would result in an automatic life sentence for Tsarnaev -- which means the defense only needs to convince one juror to spare his life. The Boston Globe reported over the weekend t",SUPPORTED,UNVERIFIED,0.395,0.0005,0.0014,0.6207,0.6568,0.6207,1.0,
937_c4,"Travis Alexander's sisters gave emotional victim impact statements, with one sister saying she is trying to block memories of her brother.","with me."" Who was Odin Lloyd? Odin Lloyd's sister Olivia Thibou wept as she explained what it has felt like to lose her brother. ""These last couple years have been the hardest of our lives,"" she said, recalling that she was asked to writer her brother's eulogy. ""I got to write all the great memories",SUPPORTED,UNVERIFIED,0.3603,0.0002,0.4025,0.6077,0.6259,0.6077,0.6,
938_c2,Arias expressed remorse for her actions and said she wished there was a way to take them back.,"Jodi Arias was sentenced to life in prison Monday for the gruesome 2008 murder of her ex-boyfriend Travis Alexander. Maricopa County Judge Sherry Stephens could have sentenced Arias to life with the possibility of early release after 25 years, but decided the convicted killer should spend the rest o",SUPPORTED,UNVERIFIED,0.3903,0.003,0.2396,0.5877,0.6788,0.5877,0.8,
939_c2,Arias expressed remorse for her actions and Alexander's sisters delivered victim impact statements.,"Jodi Arias was sentenced to life in prison Monday for the gruesome 2008 murder of her ex-boyfriend Travis Alexander. Maricopa County Judge Sherry Stephens could have sentenced Arias to life with the possibility of early release after 25 years, but decided the convicted killer should spend the rest o",SUPPORTED,UNVERIFIED,0.3646,0.0004,0.3794,0.5886,0.6723,0.5886,0.6,
940_c2,"She expressed remorse before the sentence was handed down, saying she was ""disgusted"" and ""repulsed"" with herself.","She remembers being knocked to the ground, hearing nothing and then screams, and seeing blood everywhere. ""It's kind of hard to explain but I want to get it right for all of you to understand,"" she told the jury. She said it was ""a surreal, out-of-body experience."" She remembers thinking, ""What was ",SUPPORTED,UNVERIFIED,0.3958,0.0013,0.003,0.6108,0.6441,0.6108,1.0,
940_c3,"Travis' sisters gave victim impact statements, with one stating she wishes she could forget her brother to cope with his brutal death.","with me."" Who was Odin Lloyd? Odin Lloyd's sister Olivia Thibou wept as she explained what it has felt like to lose her brother. ""These last couple years have been the hardest of our lives,"" she said, recalling that she was asked to writer her brother's eulogy. ""I got to write all the great memories",SUPPORTED,UNVERIFIED,0.3916,0.0025,0.1224,0.6198,0.6655,0.6198,0.8,
941_c3,"Travis' sisters gave victim impact statements, with one saying she tries to block her brother from her memory because it hurts too much.","with me."" Who was Odin Lloyd? Odin Lloyd's sister Olivia Thibou wept as she explained what it has felt like to lose her brother. ""These last couple years have been the hardest of our lives,"" she said, recalling that she was asked to writer her brother's eulogy. ""I got to write all the great memories",SUPPORTED,CONTRADICTED,0.4395,0.002,0.4025,0.6119,0.6409,0.6119,0.6,
8034_c2,"The restaurant operates between 17:30 and 21:30 from Monday to Sunday, with a slight extension till 22:00 on Fridays and Saturdays.","meal. Would not come again.""}, {""review_stars"": 5.0, ""review_date"": ""2021-09-10 01:53:26"", ""review_text"": ""New hours and the system as of Sept 5...now the restaurant is open for breakfast from 7am instead of 8. Also, you can place your order with a server if you're dining in (instead of lining up at",SUPPORTED,CONTRADICTED,0.6343,0.2271,0.2823,0.6734,0.6846,0.6734,0.4,
8034_c3,"The establishment offers garage and valet parking, accepts reservations, and provides takeout options.",place has a decent feel and the food is really good. The staff was generally pretty decent save for the slovenly bartender who was a least 3 times drunker than any of the paying customers and the other bartender who ordered food off of my tab and proceeded to share it with the entire bar without my ,SUPPORTED,CONTRADICTED,0.3799,0.0003,0.003,0.6406,0.6529,0.6406,1.0,
8034_c4,"It is also capable of accommodating large groups, though it does not offer wifi.","for the burrito to arrive, which was ok. I had eaten one of the cookies sold at the counter as a small appetizer. While an employee indicated that there was Wi-Fi, this really isn't set up for it. I had taken a tablet out to reference something, yet had to use my network. No big deal.\n\nI love retu",SUPPORTED,CONTRADICTED,0.5053,0.0003,0.2029,0.5492,0.5643,0.5492,0.8,
8034_c5,"The ambiance is described as classy.

""Mollie's"" holds an average business rating of 3.5 stars.","see if they deserve and upgrade.""}, {""review_stars"": 4.0, ""review_date"": ""2014-03-02 15:38:33"", ""review_text"": ""This is a great spot for a drink and some dessert. The dinner menu is decent but the price and size do not match. Don't come hungry, but do enjoy a specialty drink.""}, {""review_stars"": 5.0",SUPPORTED,UNVERIFIED,0.3764,0.0004,0.09,0.7143,0.7398,0.7143,1.0,
8034_c6,Customer reviews reveal a mixed experience.,"drive by of how packed they are and people waiting to get in pretty good indicator.""}, {""review_stars"": 1.0, ""review_date"": ""2021-09-03 00:15:58"", ""review_text"": ""Extremely disappointed in recent take-out service. We have been customers since their opening. Recently have experienced them not answeri",SUPPORTED,UNVERIFIED,0.3848,0.0016,0.0077,0.7197,0.733,0.7197,1.0,
8034_c7,"One customer appreciated the flavor of the Bolognese, but criticized the size of the lasagna portion and slow service.","went in for dinner. First of all, the service was outstanding--warm and welcoming, eager and friendly, very caring and kind people, from the hostess to our server to the manager--everyone was so very sweet, it made up for our letdown with the food. To be fair, we live in the Bay Area with Kokkari in",SUPPORTED,UNVERIFIED,0.3563,0.0003,0.4066,0.6738,0.6816,0.6738,0.6,
8034_c8,"Another customer found the food decent and the staff friendly, enjoying the live band next door.",place has a decent feel and the food is really good. The staff was generally pretty decent save for the slovenly bartender who was a least 3 times drunker than any of the paying customers and the other bartender who ordered food off of my tab and proceeded to share it with the entire bar without my ,SUPPORTED,UNVERIFIED,0.3726,0.0004,0.0013,0.6643,0.6938,0.6643,1.0,
8034_c9,"However, a third customer complained about rude behavior from the owner, leading to a very negative dining experience.","take my order so I just left. Also the lady who is working the morning drive thru has the worse attitude, I feel like I'm interrupting her movie when ever I pull up. Just need a whole new staff or sell it to another restaurant. We don't want you there anymore Jack in the box.""}, {""review_stars"": 1.0",SUPPORTED,UNVERIFIED,0.3702,0.0013,0.2824,0.7074,0.7107,0.7074,0.8,
8035_c2,"It is categorized as an Italian, Pizza, and Restaurant establishment.","name: Italia Pizza & Pasta address: 149 N Fairview Ave city: Goleta state: CA categories: Italian, Pizza, Food, Restaurants, Beer, Wine & Spirits hours: {""Monday"": ""11:0-21:0"", ""Tuesday"": ""11:0-21:0"", ""Wednesday"": ""11:0-21:0"", ""Thursday"": ""11:0-21:0"", ""Friday"": ""11:0-21:0"", ""Saturday"": ""11:0-21:0"", ",SUPPORTED,CONTRADICTED,0.3917,0.0336,0.006,0.6626,0.6741,0.6626,1.0,
8035_c3,"The restaurant operates from Monday to Sunday, with opening hours from 17:30 to 21:30, except on Fridays and Saturdays when it closes at 22:00.","meal. Would not come again.""}, {""review_stars"": 5.0, ""review_date"": ""2021-09-10 01:53:26"", ""review_text"": ""New hours and the system as of Sept 5...now the restaurant is open for breakfast from 7am instead of 8. Also, you can place your order with a server if you're dining in (instead of lining up at",SUPPORTED,CONTRADICTED,0.6818,0.3095,0.127,0.6846,0.6899,0.6846,0.6,
8035_c4,"The business offers valet parking and has a garage, but street parking is not available.","doesn't have a right to open your door."" When the detective comes back, he is irate and doesn't allow the driver to speak. ""I don't care what you have to say, people are allowed to park their cars on the side of the street without your interference,"" the detective tells the driver. ""I don't know whe",SUPPORTED,CONTRADICTED,0.4786,0.0003,0.2008,0.5799,0.5947,0.5799,0.8,
8035_c5,They also accept reservations and offer takeout services.,"see if they deserve and upgrade.""}, {""review_stars"": 4.0, ""review_date"": ""2014-03-02 15:38:33"", ""review_text"": ""This is a great spot for a drink and some dessert. The dinner menu is decent but the price and size do not match. Don't come hungry, but do enjoy a specialty drink.""}, {""review_stars"": 5.0",SUPPORTED,UNVERIFIED,0.3717,0.0003,0.0009,0.6706,0.6816,0.6706,1.0,
8035_c6,Customer reviews provide insights into the dining experience at Mollie's.,"see if they deserve and upgrade.""}, {""review_stars"": 4.0, ""review_date"": ""2014-03-02 15:38:33"", ""review_text"": ""This is a great spot for a drink and some dessert. The dinner menu is decent but the price and size do not match. Don't come hungry, but do enjoy a specialty drink.""}, {""review_stars"": 5.0",SUPPORTED,UNVERIFIED,0.3839,0.0003,0.0048,0.7221,0.737,0.7221,1.0,
8035_c7,"One customer mentioned enjoying the flavor of the Bolognese but expressed disappointment with the lasagna version, finding it overly sauced.","else where.""}, {""review_stars"": 1.0, ""review_date"": ""2021-11-29 03:38:23"", ""review_text"": ""Very sad to write this review because I used to love this place. I ordered a Cajun pasta and it tasted sour like vinegar, as if they had poured a whole bottle of Tabasco. I double checked and asked to see if i",SUPPORTED,UNVERIFIED,0.3676,0.0004,0.3987,0.6686,0.6853,0.6686,0.6,
8035_c8,The customer also reported getting sick from the Bolognese on a previous visit.,"or credit us and were joking about Covid. Worst customer service disgusting first and last time for dominoes. Threw the pizza in the outdoor trash. This place is in complete violation of Covid safety protocol. Stay safe from these type of places.""}, {""review_stars"": 1.0, ""review_date"": ""2020-06-06 0",SUPPORTED,CONTRADICTED,0.389,0.0014,0.0026,0.6486,0.6497,0.6486,1.0,
8035_c9,"They noted that the wait staff was friendly but slow, leading to a less desirable experience.","look for our seat, she hurried and corrected us that the sign should of been turned over, we needed to wait for assistance, we did, she joined us in looking for space. Our food again was tasty but throughout time we did not think we had experienced good customer service and so much that I did want t",SUPPORTED,CONTRADICTED,0.3729,0.0012,0.0026,0.6052,0.637,0.6052,1.0,
8035_c10,Another customer found the food decent and enjoyed outdoor dining with live music.,place has a decent feel and the food is really good. The staff was generally pretty decent save for the slovenly bartender who was a least 3 times drunker than any of the paying customers and the other bartender who ordered food off of my tab and proceeded to share it with the entire bar without my ,SUPPORTED,UNVERIFIED,0.3808,0.0004,0.0022,0.702,0.7169,0.702,1.0,
8035_c11,They praised the friendly servers and the amiable lady owner.,"clean and we were greeted by a gentleman by the name of \""Kenny\"" (we overheard other patrons, and we're sure he was probably the owner because he was so meticulous). He was SO pleasant, friendly and attentive. We had the Chili Rancheros Wrap, Pancakes and Tater Tots. Everything was served hot and w",SUPPORTED,UNVERIFIED,0.3763,0.001,0.0001,0.6832,0.7031,0.6832,1.0,
8035_c12,"However, a third review mentioned the worst service ever, with the owner being particularly rude.","the best. But it's like the employees don't know how to talk to customers. The delivery man was nice though, hope my tip actually went to him.""}, {""review_stars"": 1.0, ""review_date"": ""2021-02-12 21:15:16"", ""review_text"": ""I wish I could give zero stars. This is the worst experience I have had at a r",SUPPORTED,UNVERIFIED,0.3704,0.0008,0.0004,0.6632,0.6752,0.6632,1.0,
8035_c13,The customers were asked to place an order shortly after sitting down and ultimately decided to leave due to the owner's behavior.,"the counter was really friendly but the male employee (co-owner?) was definitely less so. We ordered at the counter and were given a number for our order. The food is a bit pricey, but my mum wanted Asian food so this is where we ended up. Since it was a nice day, we took a seat at a table on the pa",SUPPORTED,CONTRADICTED,0.3691,0.0003,0.0208,0.6852,0.6865,0.6852,1.0,
8035_c14,"While some customers have had positive experiences, others have encountered issues with the food and service.","drive by of how packed they are and people waiting to get in pretty good indicator.""}, {""review_stars"": 1.0, ""review_date"": ""2021-09-03 00:15:58"", ""review_text"": ""Extremely disappointed in recent take-out service. We have been customers since their opening. Recently have experienced them not answeri",SUPPORTED,UNVERIFIED,0.382,0.0006,0.0028,0.7118,0.7177,0.7118,1.0,
8036_c2,The restaurant offers a variety of Italian dishes such as pizza and pasta.,"and the sauce was spot on. The spaghetti and meatballs (the yard stick for any italian review) were also very good. I also really enjoyed my cup of minestrone soup, really hit the spot. The waiters were very attentive and the place had a very welcoming and tidy atmosphere. \n\nThe only downside, the",SUPPORTED,UNVERIFIED,0.3717,0.0003,0.0035,0.6741,0.6934,0.6741,1.0,
8036_c4,They also offer reservations for groups.,"see if they deserve and upgrade.""}, {""review_stars"": 4.0, ""review_date"": ""2014-03-02 15:38:33"", ""review_text"": ""This is a great spot for a drink and some dessert. The dinner menu is decent but the price and size do not match. Don't come hungry, but do enjoy a specialty drink.""}, {""review_stars"": 5.0",SUPPORTED,CONTRADICTED,0.3859,0.0002,0.0045,0.6309,0.6436,0.6309,1.0,
8036_c5,"The restaurant has outdoor seating, but it does not have Wi-Fi available.",to sit and enjoy dinner with it 53 degrees outside but were blasted with freezing air from the AC! The AC was probably set to 60 something. \n\nI should have known it was going to be bad from seeing all 4 cars in the parking lot. This is NOT the same restaurant it once was. I will NOT be back unless,SUPPORTED,UNVERIFIED,0.3693,0.0003,0.0037,0.6485,0.664,0.6485,1.0,
8036_c6,The restaurant allows takeout and is suitable for groups.,place has a decent feel and the food is really good. The staff was generally pretty decent save for the slovenly bartender who was a least 3 times drunker than any of the paying customers and the other bartender who ordered food off of my tab and proceeded to share it with the entire bar without my ,SUPPORTED,UNVERIFIED,0.3782,0.0004,0.0007,0.6968,0.7095,0.6968,1.0,
8036_c8,"The restaurant has received mixed reviews, with some customers praising the food and service, while others criticized the slow service and the quality of the food.","their professionalism. You might face a significant waiting time. But the guys who own the place are very nice and welcoming!""}, {""review_stars"": 2.0, ""review_date"": ""2017-08-16 04:25:27"", ""review_text"": ""Have to disagree with rave reviews on this one. We were shown a menu and then told they only ha",SUPPORTED,UNVERIFIED,0.3914,0.0004,0.1962,0.7353,0.7579,0.7353,0.8,
8037_c1,"Based on the provided structured data, here is an objective overview of Mollie's:

Mollie's is an Italian restaurant located in Santa Barbara, California.","name: Trattoria Mollie address: 1250 Coast Village Rd city: Santa Barbara state: CA categories: Food, Restaurants, Desserts, Wine Bars, Bars, Italian, Nightlife hours: {""Tuesday"": ""17:30-21:0"", ""Wednesday"": ""17:30-21:0"", ""Thursday"": ""17:30-21:0"", ""Friday"": ""17:30-21:0"", ""Saturday"": ""17:30-21:0"", ""Su",SUPPORTED,UNVERIFIED,0.4272,0.4322,0.005,0.6848,0.7471,0.6848,0.6,
8037_c2,The restaurant offers a variety of dishes including pizza and has a rating of 3.5 stars.,"The focaccia burger was also just okay. I don't think we'll try it again.""}, {""review_stars"": 3.0, ""review_date"": ""2013-07-29 05:17:04"", ""review_text"": ""It's amazing this restaurant is still open. They have a really good beet salad, but the restaurant is almost always empty. They recently took down ",SUPPORTED,UNVERIFIED,0.3909,0.0005,0.2007,0.7334,0.7363,0.7334,0.8,
8037_c3,The business has a small patio area for outdoor seating and does not offer WiFi.,"""2015-07-02 17:30:43"", ""review_text"": ""Closed as of July 2, 2015. Management let homeless store filthy, stinky bags in the patio out front, Ive seen folks smoking who-knows-what, making it unsavory for any regular employee or tourist on the street to approach the business. \""No Loitering\"" would hav",SUPPORTED,CONTRADICTED,0.4229,0.0144,0.0191,0.6136,0.6284,0.6136,1.0,
8037_c5,"According to customer reviews, the flavors of the Bolognese and lasagna are delicious, but some customers have experienced digestive issues after eating at the restaurant.","allergens that would've given me that reaction. Lastly, the cleaning spray they used on the tables just smelled funky. Idk how to explain it but we actually moved to an outside table because the inside one smelled so musty and mildewy.\n\nThe patio is nice, but not worth coming back for. Additionall",SUPPORTED,UNVERIFIED,0.373,0.0003,0.0468,0.7033,0.7112,0.7033,1.0,
8037_c6,"The wait staff is friendly but slow, and there have been instances of poor service.","look for our seat, she hurried and corrected us that the sign should of been turned over, we needed to wait for assistance, we did, she joined us in looking for space. Our food again was tasty but throughout time we did not think we had experienced good customer service and so much that I did want t",SUPPORTED,CONTRADICTED,0.4353,0.0013,0.025,0.5886,0.6041,0.5886,1.0,
8037_c7,"One customer reported being told to order quickly by the owner, while another customer had a negative interaction with the owner.","Go tracked me down and made a peace offering of warm tamales for the mess up on my last order. This was very nice and a great stride in the right direction toward good customer relations. I will give them another try in the future based on this action.""}, {""review_stars"": 2.0, ""review_date"": ""2015-1",SUPPORTED,UNVERIFIED,0.3787,0.1755,0.0164,0.7097,0.7152,0.7097,0.8,
8037_c8,"Despite these issues, one customer found the live music next door to be enjoyable and appreciated the outdoor dining atmosphere.","along the corridor. They take germs and the pandemic seriously here. I like their wine and alcohol list, and it's a peaceful spot for conversation. Because the restaurant looks quaint, sits up on a hill away from the sidewalk and busy street, and there's little tables in different little spots, it f",SUPPORTED,UNVERIFIED,0.3695,0.0003,0.007,0.6724,0.6871,0.6724,1.0,
8038_c1,"Here's an objective overview of Mollie's based on the provided structured data:

Mollie's is an Italian restaurant located in Santa Barbara, CA, with a rating of 3.5 stars based on 3 reviews.","name: Trattoria Mollie address: 1250 Coast Village Rd city: Santa Barbara state: CA categories: Food, Restaurants, Desserts, Wine Bars, Bars, Italian, Nightlife hours: {""Tuesday"": ""17:30-21:0"", ""Wednesday"": ""17:30-21:0"", ""Thursday"": ""17:30-21:0"", ""Friday"": ""17:30-21:0"", ""Saturday"": ""17:30-21:0"", ""Su",SUPPORTED,UNVERIFIED,0.3833,0.1542,0.1462,0.7259,0.7974,0.7259,0.6,
8038_c2,"The restaurant offers outdoor seating and takes reservations, but does not provide WiFi or validate parking.",to sit and enjoy dinner with it 53 degrees outside but were blasted with freezing air from the AC! The AC was probably set to 60 something. \n\nI should have known it was going to be bad from seeing all 4 cars in the parking lot. This is NOT the same restaurant it once was. I will NOT be back unless,SUPPORTED,CONTRADICTED,0.4018,0.0002,0.0264,0.645,0.6561,0.645,1.0,
8038_c4,One reviewer enjoyed the flavor of the Bolognese dish but found the lasagna to be overly saucy and had a negative experience with food poisoning after consuming it twice.,"had a pork dish on my first visit that was good, but small; on my second visit, I had the rabbit lasagna, which was quite noticeably and remarkably undersized. \n\nUsual trendy \""mixologist\"" cocktails that are long on ingredients and short on alcohol.\n\nThe place was loud. And we were seated at th",SUPPORTED,CONTRADICTED,0.4316,0.001,0.5961,0.6885,0.6958,0.6885,0.6,
8038_c6,"A third reviewer had a negative experience with the owner, who was rude and told them to leave the restaurant without ordering.","take my order so I just left. Also the lady who is working the morning drive thru has the worse attitude, I feel like I'm interrupting her movie when ever I pull up. Just need a whole new staff or sell it to another restaurant. We don't want you there anymore Jack in the box.""}, {""review_stars"": 1.0",SUPPORTED,UNVERIFIED,0.375,0.0012,0.0016,0.6957,0.7032,0.6957,1.0,
8038_c7,"Based on these reviews, Mollie's seems to have mixed reviews, with some patrons enjoying the food and atmosphere while others have had negative experiences with the service and ownership.","see if they deserve and upgrade.""}, {""review_stars"": 4.0, ""review_date"": ""2014-03-02 15:38:33"", ""review_text"": ""This is a great spot for a drink and some dessert. The dinner menu is decent but the price and size do not match. Don't come hungry, but do enjoy a specialty drink.""}, {""review_stars"": 5.0",SUPPORTED,UNVERIFIED,0.3752,0.0005,0.0034,0.693,0.704,0.693,1.0,
8038_c8,"Potential customers may want to exercise caution when visiting the restaurant, particularly if they are sensitive to food allergies or have specific dietary restrictions.","a warmer evening down the road.""}, {""review_stars"": 1.0, ""review_date"": ""2012-12-03 00:31:07"", ""review_text"": ""My boyfriend's parents dined here recently and had a very disappointing experience:\n\nThanksgiving morning, we had breakfast at the Fess Parker's Santa Barbara resort's restaurant. First t",SUPPORTED,CONTRADICTED,0.3965,0.0006,0.2116,0.6556,0.6652,0.6556,0.8,
8039_c2,The restaurant has a cozy atmosphere and provides outdoor seating.,"along the corridor. They take germs and the pandemic seriously here. I like their wine and alcohol list, and it's a peaceful spot for conversation. Because the restaurant looks quaint, sits up on a hill away from the sidewalk and busy street, and there's little tables in different little spots, it f",SUPPORTED,UNVERIFIED,0.3872,0.0005,0.0003,0.7207,0.7457,0.7207,1.0,
8039_c3,"The staff is friendly, but service can be slow, and the restaurant does not offer Wi-Fi.",also attached to the tea place next door and all the workers were more situated there. Thus it was a while and took effort to get a table at the restaurant side. Even tho there was only one other party there... \n\nWe came for the beef noodle soup and coffee. The soup Is the first picture on Yelp an,SUPPORTED,CONTRADICTED,0.391,0.0009,0.0051,0.6453,0.6479,0.6453,1.0,
8039_c4,"The menu offers a range of options, but some dishes may be heavy on sauce, and some customers have reported getting sick after eating the Bolognese.","allergens that would've given me that reaction. Lastly, the cleaning spray they used on the tables just smelled funky. Idk how to explain it but we actually moved to an outside table because the inside one smelled so musty and mildewy.\n\nThe patio is nice, but not worth coming back for. Additionall",SUPPORTED,CONTRADICTED,0.3855,0.0004,0.3628,0.6662,0.6742,0.6662,0.6,
8039_c5,"Prices are moderate, but some customers feel that the quality of food and service does not justify the cost.","too expensive and some products aren't labeled with prices, which isn't helpful for customers.\n\nA couple examples I bought:\n1 head of cauliflower and 3 carrots - almost $10.00\n1 lb of pistachios - $27.00!!! Yes, that's right....this item was not marked. As I walked out of the store I saw what th",SUPPORTED,UNVERIFIED,0.362,0.0002,0.2037,0.6825,0.6871,0.6825,0.8,
17364_c3,Work leaves and raw manure into the soil using a hoe or a rototiller.,"over in your planned planting area with a hoe or tiller to a depth of 12 inches and break the dirt up finely. Remove any large rocks and other debris while hoeing. Dig a trench about 4 inches wide and 6 to 8 inches deep.If you're going to plant more than one row, space them apart by about 24 to 36 i",SUPPORTED,UNVERIFIED,0.3966,0.0011,0.0031,0.607,0.6387,0.607,1.0,
17364_c4,"In the spring, work rotted manure and compost into the soil.","Question: how to prepare a field for planting pumpkins passage 1:1. Prepare your soil. If you are anticipating growing in the spring, the soil can be prepared in the fall. Leaves and raw manure should be worked into the soil. A hoe can be used but a rototiller is better if one is available. In the s",SUPPORTED,UNVERIFIED,0.3907,0.0022,0.0006,0.5717,0.5862,0.5717,1.0,
17364_c5,You can also use kitchen waste.,"grabbing them to dry her hands, just out of habit. It also took a while to feel comfortable with the funny stares she would get after politely asking food vendors to put her sandwiches and salads into her metal tin instead of paper and plastic containers. But she stayed strong and a year later she i",SUPPORTED,UNVERIFIED,0.3731,0.0003,0.0163,0.6549,0.6883,0.6549,1.0,
17364_c8,Pat soil over the seeds and water them well after planting.,"Otherwise, these potted plants may need to be grown under fluorescent lights. passage 3:Mixing equal parts of peat moss, compost and potting soil will produce good results. Tamp the soil down lightly to remove air pockets and water it. Keep the soil in the sunny window. Plant your basil only after t",SUPPORTED,CONTRADICTED,0.3723,0.0015,0.0056,0.6351,0.6596,0.6351,1.0,
17364_c10,"If you live in a place with strong winds, you can plant the seeds in a trench about 3 inches deep.","over in your planned planting area with a hoe or tiller to a depth of 12 inches and break the dirt up finely. Remove any large rocks and other debris while hoeing. Dig a trench about 4 inches wide and 6 to 8 inches deep.If you're going to plant more than one row, space them apart by about 24 to 36 i",SUPPORTED,UNVERIFIED,0.3759,0.0005,0.2106,0.6301,0.6572,0.6301,0.8,
17365_c2,A rototiller is ideal for this task.,"form, mimicking the natural process that creates clouds. That way, rainfall can be triggered to ""empty"" the atmosphere and increase the potential of dry weather later on: ""We did it on a laboratory scale, we can already create clouds, but not on a macroscopic scale, so you don't see a big cloud comi",SUPPORTED,CONTRADICTED,0.4035,0.0002,0.008,0.577,0.6011,0.577,1.0,
17365_c3,"In the spring, add rotted manure and compost to the soil.","Question: how to prepare a field for planting pumpkins passage 1:1. Prepare your soil. If you are anticipating growing in the spring, the soil can be prepared in the fall. Leaves and raw manure should be worked into the soil. A hoe can be used but a rototiller is better if one is available. In the s",SUPPORTED,UNVERIFIED,0.3941,0.0023,0.003,0.5854,0.607,0.5854,1.0,
17365_c8,"If there are strong winds, consider planting the seeds in a trench.","the day wears on. Highs Thursday will be in the mid 60s to around or just over 70 degrees in some places. We are seeing lower than normal pressures in the Southeast US and just offshore and as the next cold front approaches from the west across the Great Lakes and Ohio Valley, low pressure will star",SUPPORTED,CONTRADICTED,0.4144,0.0003,0.0028,0.5969,0.6022,0.5969,1.0,
17366_c2,Prepare your soil by working leaves and raw manure into the ground using a hoe or a rototiller.,"over in your planned planting area with a hoe or tiller to a depth of 12 inches and break the dirt up finely. Remove any large rocks and other debris while hoeing. Dig a trench about 4 inches wide and 6 to 8 inches deep.If you're going to plant more than one row, space them apart by about 24 to 36 i",SUPPORTED,UNVERIFIED,0.3962,0.001,0.0017,0.6369,0.677,0.6369,1.0,
17366_c3,"In the spring, mix rotted manure and compost into the soil.","Question: how to prepare a field for planting pumpkins passage 1:1. Prepare your soil. If you are anticipating growing in the spring, the soil can be prepared in the fall. Leaves and raw manure should be worked into the soil. A hoe can be used but a rototiller is better if one is available. In the s",SUPPORTED,UNVERIFIED,0.3906,0.0019,0.003,0.5945,0.6086,0.5945,1.0,
17366_c7,"Once the seeds have germinated, remove any weeds and thin out any duplicate plants to leave only one per row.","Question: how to get your own seeds from vegetables passage 1:Before the actual here's how of preserving seeds, I'd like to offer a few observations that could save you a good deal of frustration or disappointment. First of all, hybrid varieties (you'll see the word hybrid in the seed catalog descri",UNVERIFIED,CONTRADICTED,0.5818,0.1174,0.0665,0.6078,0.6206,0.6078,0.8,
17366_c9,Make sure to follow the manufacturer's instructions when operating the plow.,"with stakes or sticks if you want to just run them over. Eye up the last stake with the first two just to give yourself a straight line. passage 3:The answer to your question depends on the size and shape of your field, and the size of your plow. You have a myriad of answers, and some are thoughtful",UNVERIFIED,SUPPORTED,0.4531,0.0018,0.0736,0.6419,0.7156,0.6419,1.0,
17366_c10,Water the pumpkin plants regularly to keep the soil moist.,is best. Water as necessary.Petunias like soil that is moist to slightly dry. Deadhead by removing spent blooms as necessary to promote new buds and encourage continuous blooming. Feed once a month with a balanced liquid fertilizer (8-8-8 or 10-10-10).ater as necessary. Petunias like soil that is mo,UNVERIFIED,SUPPORTED,0.4102,0.097,0.1241,0.6245,0.6504,0.6245,1.0,
17366_c11,Fertilize the plants according to the recommended rate on the seed package.,"Question: how to fertilize your orchid

passage 1:Apply a nitrogen rich fertilizer, at 1/4 strength of the manufacturer's recommended dosage, to the soil around the orchid plants every time they are watered. Allow the soil around the orchid plant to dry out between watering. Apply the fertilizer to ",SUPPORTED,CONTRADICTED,0.4628,0.1201,0.0066,0.6277,0.6486,0.6277,0.8,
17366_c12,"Harvest the pumpkins when they reach maturity, which is typically around 90-100 days after planting.","Question: how to prepare a field for planting pumpkins passage 1:1. Prepare your soil. If you are anticipating growing in the spring, the soil can be prepared in the fall. Leaves and raw manure should be worked into the soil. A hoe can be used but a rototiller is better if one is available. In the s",UNVERIFIED,SUPPORTED,0.4219,0.0012,0.2287,0.6616,0.719,0.6616,0.8,
17367_c5,Unable to answer based on given passages.,"Question: how did different groups understand or experience the four freedoms differently

passage 1:Sometimes we fail to hear or heed these voices of freedom because to us the privilege of our freedom is such an old, old story. —Franklin Delano Roosevelt, in his Third Inaugural Address, January 20,",SUPPORTED,CONTRADICTED,0.3895,0.0003,0.1492,0.661,0.681,0.661,0.8,
17368_c3,"In the spring, add rotted manure and compost to the soil.","Question: how to prepare a field for planting pumpkins passage 1:1. Prepare your soil. If you are anticipating growing in the spring, the soil can be prepared in the fall. Leaves and raw manure should be worked into the soil. A hoe can be used but a rototiller is better if one is available. In the s",SUPPORTED,UNVERIFIED,0.3941,0.0023,0.003,0.5854,0.607,0.5854,1.0,
17368_c7,Pat soil over the seeds and water them well after planting.,"Otherwise, these potted plants may need to be grown under fluorescent lights. passage 3:Mixing equal parts of peat moss, compost and potting soil will produce good results. Tamp the soil down lightly to remove air pockets and water it. Keep the soil in the sunny window. Plant your basil only after t",SUPPORTED,CONTRADICTED,0.3723,0.0015,0.0056,0.6351,0.6596,0.6351,1.0,
17369_c5,"If you live in an area with strong winds, plant the seeds in a trench about 3 inches deep.","over in your planned planting area with a hoe or tiller to a depth of 12 inches and break the dirt up finely. Remove any large rocks and other debris while hoeing. Dig a trench about 4 inches wide and 6 to 8 inches deep.If you're going to plant more than one row, space them apart by about 24 to 36 i",SUPPORTED,UNVERIFIED,0.3733,0.0003,0.3843,0.641,0.6747,0.641,0.6,
17369_c9,"Plant the seeds in the center of the row, spacing them appropriately
4.",again attached to the tractor via a hitch and is called a lay-off plow. Lay-off plows have a single wide prong used to make rows where you can plant your crops. passage 3:Choose a spot toward the center of where you want the vines to grow. Plant 2 or 3 seeds in the same area in case one doesn't spro,SUPPORTED,UNVERIFIED,0.3635,0.0005,0.1556,0.6382,0.6528,0.6382,0.8,
17369_c10,Consider planting in a trench if you live in an area with strong winds.,"over in your planned planting area with a hoe or tiller to a depth of 12 inches and break the dirt up finely. Remove any large rocks and other debris while hoeing. Dig a trench about 4 inches wide and 6 to 8 inches deep.If you're going to plant more than one row, space them apart by about 24 to 36 i",SUPPORTED,CONTRADICTED,0.3955,0.0002,0.0023,0.6174,0.6284,0.6174,1.0,
4164_c3,"William finds the exploitation of his mother's memory ""incredibly hurtful"".","she would marry him. Most disturbingly, the woman who -- despite knowing the stigma it would create around her -- defiantly insisted she had been raped when we spoke nearly four years ago, now says she was told by her relatives to make up the allegations. ""Now she is beside me and knows that it was ",SUPPORTED,UNVERIFIED,0.3897,0.0008,0.0002,0.5725,0.585,0.5725,1.0,
4166_c3,"William finds the repeated exploitation of his mother's memory by Netflix ""incredibly hurtful."" Prince Harry and his wife Meghan Markle have been forging their own path in the entertainment industry since their departure from the Royal Family, with lucrative deals including a Netflix documentary about their relationship.","Prince William's ""Outrage"" Against Prince Harry over Netflix's Exploitation of the Royals Prince Harry's Media Deals: A Thorn in the Royal Family's Side Prince William, the Duke of Cambridge, is reportedly incensed over his brother Prince Harry's ongoing association with Netflix, the platform accuse",UNVERIFIED,SUPPORTED,0.4424,0.0003,0.0041,0.7598,0.8257,0.7598,1.0,
4166_c4,"Their recent project, Heart of Invictus, follows competitors in the Invictus Games.","the entertainment industry since their dramatic departure from the Royal Family in 2020. Their portfolio includes a number of lucrative deals, notably with Netflix and Spotify. Their work for Netflix includes the controversial documentary Harry & Meghan, which broke streaming records despite the per",SUPPORTED,UNVERIFIED,0.4039,0.0007,0.0008,0.568,0.6225,0.568,1.0,
4167_c3,"Harry and his wife Meghan have also signed lucrative deals with Netflix and other companies, leading to criticism from their brother and father, Prince Charles and Prince Philip.","Prince William's ""Outrage"" Against Prince Harry over Netflix's Exploitation of the Royals Prince Harry's Media Deals: A Thorn in the Royal Family's Side Prince William, the Duke of Cambridge, is reportedly incensed over his brother Prince Harry's ongoing association with Netflix, the platform accuse",UNVERIFIED,SUPPORTED,0.4276,0.0003,0.1853,0.7031,0.754,0.7031,0.8,
15132_c1,Unable to answer based on given passages.,"Question: how did different groups understand or experience the four freedoms differently

passage 1:Sometimes we fail to hear or heed these voices of freedom because to us the privilege of our freedom is such an old, old story. —Franklin Delano Roosevelt, in his Third Inaugural Address, January 20,",SUPPORTED,CONTRADICTED,0.3895,0.0003,0.1492,0.661,0.681,0.661,0.8,
15134_c1,Unable to answer based on given passages.,"Question: how did different groups understand or experience the four freedoms differently

passage 1:Sometimes we fail to hear or heed these voices of freedom because to us the privilege of our freedom is such an old, old story. —Franklin Delano Roosevelt, in his Third Inaugural Address, January 20,",SUPPORTED,CONTRADICTED,0.3895,0.0003,0.1492,0.661,0.681,0.661,0.8,
15135_c4,Unable to answer based on given passages.,"Question: how did different groups understand or experience the four freedoms differently

passage 1:Sometimes we fail to hear or heed these voices of freedom because to us the privilege of our freedom is such an old, old story. —Franklin Delano Roosevelt, in his Third Inaugural Address, January 20,",SUPPORTED,CONTRADICTED,0.3895,0.0003,0.1492,0.661,0.681,0.661,0.8,
15136_c3,"Therefore, I cannot accurately answer the question without additional information.","signed it, and while a three-judge appeals panel upheld the law last summer, doctors can still ask about guns while the full 11th Circuit Court of Appeals decides whether it will take up the case, a decision that could come down any day, the president of the Florida chapter of the American Academy o",SUPPORTED,CONTRADICTED,0.4132,0.0007,0.0022,0.5694,0.5845,0.5694,1.0,
15137_c1,Unable to answer based on given passages.,"Question: how did different groups understand or experience the four freedoms differently

passage 1:Sometimes we fail to hear or heed these voices of freedom because to us the privilege of our freedom is such an old, old story. —Franklin Delano Roosevelt, in his Third Inaugural Address, January 20,",SUPPORTED,CONTRADICTED,0.3895,0.0003,0.1492,0.661,0.681,0.661,0.8,
15137_c2,"The passages provided do not contain information on how to check the ink levels of a specific printer model, nor do they provide a method to determine the amount of ink inside a printer.",Question: how much ink is in my printer passage 1:PC Instructions. Make sure your USB printer is connected to your computer and powered on. Open the Start menu and click on the Printers and Faxes button. Right-click on the icon of the printer you want to check and choose Properties or Printing Prefe,CONTRADICTED,SUPPORTED,0.4226,0.0043,0.0068,0.5432,0.6049,0.5432,1.0,
15137_c3,"The first passage instructs the reader on how to check the ink levels of a printer connected to a computer, but it does not provide a method to measure the amount of ink inside the printer.",Question: how much ink is in my printer passage 1:PC Instructions. Make sure your USB printer is connected to your computer and powered on. Open the Start menu and click on the Printers and Faxes button. Right-click on the icon of the printer you want to check and choose Properties or Printing Prefe,SUPPORTED,UNVERIFIED,0.3899,0.0041,0.2229,0.5755,0.6492,0.5755,0.8,
15137_c5,"The third passage mentions a method to check the ink levels on an HP Officejet 6700 printer, but it does not provide a general method to check the ink levels of any printer.",Question: how much ink is in my printer passage 1:PC Instructions. Make sure your USB printer is connected to your computer and powered on. Open the Start menu and click on the Printers and Faxes button. Right-click on the icon of the printer you want to check and choose Properties or Printing Prefe,SUPPORTED,UNVERIFIED,0.4543,0.1843,0.0318,0.606,0.6538,0.606,0.8,
972_c4,Channing Tatum also brought entertainment to the night by dancing on stage after being prompted by Jennifer Lopez.,"(Billboard)From Channing Tatum twerking for Jennifer Lopez to host Amy Schumer's archery fail, there were plenty of highlights and misfires from the 2015 MTV Movie Awards. 2015 MTV Movie Awards: See the full winners list. Here are the jokes, performances and moments that hit the target and the ones ",SUPPORTED,UNVERIFIED,0.4094,0.0011,0.0023,0.5569,0.6291,0.5569,1.0,
972_c6,"On the other hand, there were a few misfires throughout the night.","the night. Along the northern boundary of the former royal museum, the wall had collapsed and people had poured out of the Uttar Dhoka neighborhood onto the palace lawn. Green military tents meant for two people were now packed with six and the army was trying hard to accommodate as many as possible",SUPPORTED,CONTRADICTED,0.5163,0.0052,0.4379,0.6136,0.6389,0.6136,0.6,
972_c9,Shailene Woodley's acceptance speech for the Trailblazer award was confusing and seemed to lose its charm halfway through.,"Movie Awards: See all the photos. Robert Downey Jr. accepting Generation Award: His speech was fine (kudos for the ""keep your nose clean"" quip), but his Avengers castmates taking a knee while he accepted his award was just perfect. Misfires. Archery fail: Schumer's bow-and-arrow misfire was a litera",SUPPORTED,UNVERIFIED,0.4087,0.001,0.0005,0.5743,0.6571,0.5743,1.0,
973_c5,"Charli XCX, Ty Dolla $ign, and Tinashe also delivered a high-energy performance.","an appearance. Sure, Andrea Swift's presentation of a special award for her daughter came with a fun origin tale about the creation of ""Love Story"" and some lovely words about the 25-year-old superstar. But the sight of the elder Swift -- just days after Taylor confirmed that her mother had been dia",SUPPORTED,CONTRADICTED,0.4194,0.0005,0.0184,0.56,0.5873,0.56,1.0,
973_c7,"Robert Downey Jr. received the Generation Award, with his Avengers castmates kneeling in support.","what the audience wants rather than something even a little bit different. Picking up where last year's ""Captain America: Winter Soldier"" left off, the new film, without preamble, dives right in to show the Avengers dispatching the remnants of the nasty HYDRA organization in a hectically and indiffe",SUPPORTED,UNVERIFIED,0.4012,0.002,0.0206,0.5688,0.6109,0.5688,1.0,
974_c4,"Other standout performances included Charli XCX's electrifying rendition of ""Drop That Kitty"" and Fetty Wap's powerful version of ""Trap Queen."" However, some misses included Amy Schumer's attempt to impersonate Gone Girl, Vin Diesel's tribute song to Paul Walker, and Shailene Woodley's confusing Trailblazer acceptance speech.","clip from ""Pitch Perfect 2"" as an ""exclusive clit"" was easily the funniest non-Schumer joke of the entire night. Even her castmates seemed shocked when she slipped it in. Fall Out Boy meets Fetty Wap: ""Centuries"" didn't need a rap breakdown, nor did ""Trap Queen"" need a punk-rock edge. But did it sou",UNVERIFIED,SUPPORTED,0.4708,0.0018,0.091,0.6538,0.6969,0.6538,1.0,
976_c4,"Kevin Hart received the Comedic Genius Award, and his castmates from ""Central Intelligence"" took a knee as he accepted the award.","clip from ""Pitch Perfect 2"" as an ""exclusive clit"" was easily the funniest non-Schumer joke of the entire night. Even her castmates seemed shocked when she slipped it in. Fall Out Boy meets Fetty Wap: ""Centuries"" didn't need a rap breakdown, nor did ""Trap Queen"" need a punk-rock edge. But did it sou",UNVERIFIED,SUPPORTED,0.4344,0.0015,0.2817,0.5351,0.5787,0.5351,0.8,
976_c5,"Robert Downey Jr. received the Generation Award, and his Avengers castmates participated in a kneeling tribute.","what the audience wants rather than something even a little bit different. Picking up where last year's ""Captain America: Winter Soldier"" left off, the new film, without preamble, dives right in to show the Avengers dispatching the remnants of the nasty HYDRA organization in a hectically and indiffe",SUPPORTED,UNVERIFIED,0.3563,0.0009,0.2081,0.564,0.6037,0.564,0.8,
977_c3,"Her monologue also killed, including a joke about being mistaken for Meghan Trainor.","leg, he too let out a scream. She said she thought he was in shock. She rolled over onto her stomach and crawled over broken glass, shredding her arms. She dragged herself to the Forum. ""I saw all five of my toes, but I saw a lot of blood,"" she said. ""I didn't see my ankle."" A ballroom dancer, Hasle",SUPPORTED,UNVERIFIED,0.3787,0.0002,0.0116,0.5262,0.5328,0.5262,1.0,
7536_c2,It falls under the categories of Restaurants and Pizza.,"lunch time where I have to return to work, it is a bit long compared to some other places but as I said, the taste makes up for it). I also had a couple of pizzas there on a separate occassion and they were done quite well. There's not much space in there so if you have a party of like 10+ people, y",SUPPORTED,UNVERIFIED,0.3671,0.0158,0.0016,0.6734,0.6886,0.6734,1.0,
7536_c3,"The restaurant does not accept reservations, does not provide WiFi, and does not offer outdoor seating or music.","food was mediocre. We ordered a salad which came undressed, looked like it had been prepared by a child, and had no flavor and a tiny piece of salmon. It as listed as an entree but was more like an appetizer portion. Burgers, which used to be fabulous, now taste terrible, with poor quality meat and ",UNVERIFIED,CONTRADICTED,0.3732,0.0008,0.0047,0.649,0.6659,0.649,1.0,
7536_c4,It is suitable for group dining and offers take-out services.,place has a decent feel and the food is really good. The staff was generally pretty decent save for the slovenly bartender who was a least 3 times drunker than any of the paying customers and the other bartender who ordered food off of my tab and proceeded to share it with the entire bar without my ,SUPPORTED,UNVERIFIED,0.3726,0.0003,0.0007,0.6705,0.6887,0.6705,1.0,
7536_c5,The business has an overall rating of 2.5 stars.,"easy opportunity here. Great location, nice facility, but no thought or care in what they're serving up or in what they want to be.""}, {""review_stars"": 2.0, ""review_date"": ""2016-01-10 02:25:11"", ""review_text"": ""Horrible service. It took 20 minutes to get a drink order when it wasn't even that busy. ",SUPPORTED,UNVERIFIED,0.3802,0.0011,0.2152,0.7065,0.7212,0.7065,0.8,
7536_c6,"Reviews vary significantly, with some customers mentioning poor customer service and even health issues after eating at the restaurant.","drive by of how packed they are and people waiting to get in pretty good indicator.""}, {""review_stars"": 1.0, ""review_date"": ""2021-09-03 00:15:58"", ""review_text"": ""Extremely disappointed in recent take-out service. We have been customers since their opening. Recently have experienced them not answeri",SUPPORTED,UNVERIFIED,0.3871,0.0004,0.2034,0.7059,0.7335,0.7059,0.8,
7536_c7,"However, another review highlights the affordability and convenience of the restaurant, indicating that it's a decent place for a quick meal when on a budget.",place has a decent feel and the food is really good. The staff was generally pretty decent save for the slovenly bartender who was a least 3 times drunker than any of the paying customers and the other bartender who ordered food off of my tab and proceeded to share it with the entire bar without my ,SUPPORTED,UNVERIFIED,0.3716,0.0007,0.0012,0.6723,0.6874,0.6723,1.0,
7536_c8,The reviewer also mentioned that the service is typically subpar.,"easy opportunity here. Great location, nice facility, but no thought or care in what they're serving up or in what they want to be.""}, {""review_stars"": 2.0, ""review_date"": ""2016-01-10 02:25:11"", ""review_text"": ""Horrible service. It took 20 minutes to get a drink order when it wasn't even that busy. ",SUPPORTED,CONTRADICTED,0.3841,0.0005,0.0032,0.6409,0.6495,0.6409,1.0,
7536_c9,It is important to note that the reviews suggest the establishment may not be suitable for those seeking high-quality dining experiences.,"see if they deserve and upgrade.""}, {""review_stars"": 4.0, ""review_date"": ""2014-03-02 15:38:33"", ""review_text"": ""This is a great spot for a drink and some dessert. The dinner menu is decent but the price and size do not match. Don't come hungry, but do enjoy a specialty drink.""}, {""review_stars"": 5.0",SUPPORTED,UNVERIFIED,0.3812,0.0005,0.0017,0.706,0.7174,0.706,1.0,
7537_c2,It is primarily known for serving pizza and falls under the category of restaurants.,"for big parties. N the sandwiches are all delicious. \nGreat lunch time specials and affordable. \nNice cold.Tall mug of beers are always nice. Great selection of brews. \nGreat location. N awesome customer service. \nThank you. Always hits the stop.""}, {""review_stars"": 5.0, ""review_date"": ""2019-02-",SUPPORTED,CONTRADICTED,0.5235,0.138,0.0062,0.6309,0.6433,0.6309,1.0,
7537_c3,The establishment has an average rating of 2.5 stars.,place has a decent feel and the food is really good. The staff was generally pretty decent save for the slovenly bartender who was a least 3 times drunker than any of the paying customers and the other bartender who ordered food off of my tab and proceeded to share it with the entire bar without my ,SUPPORTED,UNVERIFIED,0.3914,0.0005,0.1834,0.734,0.7449,0.734,0.8,
7537_c5,"One customer had a negative experience, mentioning poor food quality, terrible customer service, and issues with a canceled order and refund.","placed an order for this place on an app. I walked in and the girl at the register was so rude and made me believe that I had placed my order on a scam website and they completely disregarded me, even the older vietnamese man told me they didn't partner with outside services and they ignored me. \n\",SUPPORTED,UNVERIFIED,0.4291,0.1939,0.3947,0.7472,0.7499,0.7472,0.4,
7537_c6,They also described the workers as rude and unhelpful.,"said something and expect me to still have it. And she said very unprofessionally, \""well he didn't know.\"" I told her that is a failure on the training and not the customer. She then said that next time I need to specifically write the word \""everything\"" on the side instead of using commas as I di",SUPPORTED,CONTRADICTED,0.4471,0.0027,0.1967,0.6074,0.6231,0.6074,0.8,
7537_c8,"On the other hand, another customer had a more positive experience.","one I was able to eat was the chocolate crueller.\n\nI will say the girl who helped me was very friendly and was wearing a mask and washed her hands. So at least there's that!""}, {""review_stars"": 3.0, ""review_date"": ""2020-02-23 12:53:40"", ""review_text"": ""The donuts were okay and the store was not th",SUPPORTED,CONTRADICTED,0.4411,0.0059,0.0546,0.6406,0.6497,0.6406,1.0,
7537_c9,"They mentioned that Little Caesars is a decent place to get a quick and affordable meal, especially when on a budget.",sorts. You get a lot of bang for the buck. \n\nThis location is just off the freeway but you likely won't see it unless you're traveling north on Fairview. It is in a very small strip mall with only a few parking spaces but I've never had an issue finding a spot. As is the case with other Little Cae,SUPPORTED,UNVERIFIED,0.428,0.157,0.2231,0.654,0.6955,0.654,0.6,
7537_c10,"The reviewer praised the value for money, stating that you can get a substantial pizza and drink for under $10.","dollars being held. Further explication of why there is a 35 dollar hold was said \""if someone can't pay their tab or leave before paying, blah blah blah.\"" I stopped caring. Was recommended to pay and close as I go or bring cash when drinking there. Unfortunately I will not be returning. Sorry you ",SUPPORTED,CONTRADICTED,0.3734,0.0002,0.004,0.6644,0.6694,0.6644,1.0,
7537_c11,They also mentioned that the location is conveniently situated near the freeway and parking is usually available.,"authorities and state industries, which are responding to central government directives. Few Chinese have American-style garages where the vehicles can be charged overnight. Li said he thought it would be inconvenient. ""I don't want a hybrid car. I thought maybe a Tesla but it's too expensive,"" he s",SUPPORTED,CONTRADICTED,0.4771,0.0004,0.2,0.5591,0.5845,0.5591,0.8,
7537_c12,"However, the service was described as subpar.",chowder and it was not very flavorful I wouldn't order the clam chowder again. We also ordered a side salad and it was OK the vinaigrette dressing was really good. We ordered an extra order of garlic bread during our dinner and it took about 15 minutes so we sent it back. Overall I would never go ba,SUPPORTED,CONTRADICTED,0.4735,0.0063,0.0984,0.6288,0.6301,0.6288,0.8,
7537_c13,There was also a customer who reported experiencing stomach issues after eating at Little Caesars on two separate occasions.,"came to the table one other time to check on us. She messed up our order on the chilaquiles and didn't take off the chorizo. My wife doesn't eat pork and this made her sick, even though she tried to eat around it. My order was to have toast with my meal and i got fruits initially. Silverware and gla",SUPPORTED,CONTRADICTED,0.4045,0.0012,0.2304,0.6548,0.6652,0.6548,0.8,
7537_c14,This negative experience raises concerns about the food quality and potential health risks associated with the restaurant.,"allergens that would've given me that reaction. Lastly, the cleaning spray they used on the tables just smelled funky. Idk how to explain it but we actually moved to an outside table because the inside one smelled so musty and mildewy.\n\nThe patio is nice, but not worth coming back for. Additionall",SUPPORTED,UNVERIFIED,0.3774,0.0003,0.3428,0.6995,0.707,0.6995,0.6,
7538_c3,"The restaurant has received mixed reviews, with some customers praising their experience while others have had negative experiences with poor food quality and customer service.","their professionalism. You might face a significant waiting time. But the guys who own the place are very nice and welcoming!""}, {""review_stars"": 2.0, ""review_date"": ""2017-08-16 04:25:27"", ""review_text"": ""Have to disagree with rave reviews on this one. We were shown a menu and then told they only ha",SUPPORTED,UNVERIFIED,0.3837,0.0006,0.0057,0.7389,0.7509,0.7389,1.0,
7539_c2,"According to customer reviews, the business has mixed feedback, with some customers praising the convenience and affordability of its menu while others have experienced poor service and digestive issues after consuming its food.","their professionalism. You might face a significant waiting time. But the guys who own the place are very nice and welcoming!""}, {""review_stars"": 2.0, ""review_date"": ""2017-08-16 04:25:27"", ""review_text"": ""Have to disagree with rave reviews on this one. We were shown a menu and then told they only ha",SUPPORTED,UNVERIFIED,0.3835,0.0005,0.0057,0.7403,0.7494,0.7403,1.0,
7539_c3,The business has a rating of 2.5 stars and receives an average of 2.5 out of 5-star ratings from customers.,"drive by of how packed they are and people waiting to get in pretty good indicator.""}, {""review_stars"": 1.0, ""review_date"": ""2021-09-03 00:15:58"", ""review_text"": ""Extremely disappointed in recent take-out service. We have been customers since their opening. Recently have experienced them not answeri",SUPPORTED,UNVERIFIED,0.3847,0.0004,0.4018,0.6996,0.7124,0.6996,0.6,
7539_c4,"Reviews mention that the business is easy to locate, with ample parking, but service can be slow and unfriendly.","easy opportunity here. Great location, nice facility, but no thought or care in what they're serving up or in what they want to be.""}, {""review_stars"": 2.0, ""review_date"": ""2016-01-10 02:25:11"", ""review_text"": ""Horrible service. It took 20 minutes to get a drink order when it wasn't even that busy. ",SUPPORTED,CONTRADICTED,0.4382,0.0013,0.2102,0.6256,0.6318,0.6256,0.8,
7539_c5,"Some customers have reported being charged incorrectly for their orders, while others have experienced long waits for delivery.","to the food.\n\nI was pretty shocked that he waited until the last moment to charge me like this. He clearly wrote just two items on the order, the plate and the combo, it is clearly labeled as a combo item, but he looked at me and said \""well, what do you want to do now?\"".\n\nI said I didn't want ",UNVERIFIED,CONTRADICTED,0.3988,0.003,0.0355,0.6547,0.6675,0.6547,1.0,
7539_c6,"Despite these issues, the business is popular among budget-conscious customers looking for a quick meal.","they use here is drier than the sand on Isla Vista's beaches. It's as if they pre-toast the bread in the morning and just warm it up in a toaster oven before slapping some cheese on it. The meat, as a result, is dried out by the time it gets to the paper boats their melts are served on.\n\nThe best ",SUPPORTED,CONTRADICTED,0.4233,0.0005,0.3997,0.6301,0.6411,0.6301,0.6,
7540_c1,"Here's an objective overview of Little Caesars based on the provided structured data in JSON format:

Little Caesars is a restaurant located in Goleta, California that offers pizza and other Italian-American dishes.","name: Little Caesars address: 109 S Fairview Ave city: Goleta state: CA categories: Restaurants, Pizza hours: None attributes: {""BusinessParking"": null, ""RestaurantsReservations"": false, ""OutdoorSeating"": null, ""WiFi"": ""no"", ""RestaurantsTakeOut"": true, ""RestaurantsGoodForGroups"": true, ""Music"": null",UNVERIFIED,SUPPORTED,0.4933,0.7358,0.1959,0.7211,0.7574,0.7211,0.8,
7540_c5,The restaurant accepts reservations and offers takeout and delivery options.,place has a decent feel and the food is really good. The staff was generally pretty decent save for the slovenly bartender who was a least 3 times drunker than any of the paying customers and the other bartender who ordered food off of my tab and proceeded to share it with the entire bar without my ,CONTRADICTED,UNVERIFIED,0.3772,0.001,0.0008,0.6961,0.7083,0.6961,1.0,
7540_c6,"According to the review info provided, the restaurant has received mixed reviews from customers.","their professionalism. You might face a significant waiting time. But the guys who own the place are very nice and welcoming!""}, {""review_stars"": 2.0, ""review_date"": ""2017-08-16 04:25:27"", ""review_text"": ""Have to disagree with rave reviews on this one. We were shown a menu and then told they only ha",SUPPORTED,UNVERIFIED,0.3922,0.0004,0.3765,0.7665,0.7715,0.7665,0.6,
7540_c7,"One reviewer gave it a single star and complained about the food and customer service, while another reviewer gave it four stars and praised the value and quality of the food.","""review_text"": ""Super expensive for very little food. Lobster roll was very little. Bite into large piece of lobster shell. Chips really salty and a little on the burnt side. Forgot to get a picture.""}, {""review_stars"": 4.0, ""review_date"": ""2018-07-30 03:50:25"", ""review_text"": ""Overall a good experi",SUPPORTED,UNVERIFIED,0.3727,0.0007,0.2517,0.696,0.7123,0.696,0.8,
7540_c8,"However, another reviewer also gave it a single star and reported experiencing stomach problems after eating there.","else where.""}, {""review_stars"": 1.0, ""review_date"": ""2021-11-29 03:38:23"", ""review_text"": ""Very sad to write this review because I used to love this place. I ordered a Cajun pasta and it tasted sour like vinegar, as if they had poured a whole bottle of Tabasco. I double checked and asked to see if i",SUPPORTED,CONTRADICTED,0.3581,0.0003,0.2477,0.6809,0.6892,0.6809,0.8,
7540_c9,"However, customers may want to proceed with caution and be aware of the mixed reviews and potential issues with customer service and food quality.","drive by of how packed they are and people waiting to get in pretty good indicator.""}, {""review_stars"": 1.0, ""review_date"": ""2021-09-03 00:15:58"", ""review_text"": ""Extremely disappointed in recent take-out service. We have been customers since their opening. Recently have experienced them not answeri",SUPPORTED,CONTRADICTED,0.3708,0.0005,0.0064,0.6643,0.6745,0.6643,1.0,
7541_c2,"The restaurant offers takeout and good for groups, but does not have outdoor seating, WiFi, or accept reservations.",also attached to the tea place next door and all the workers were more situated there. Thus it was a while and took effort to get a table at the restaurant side. Even tho there was only one other party there... \n\nWe came for the beef noodle soup and coffee. The soup Is the first picture on Yelp an,UNVERIFIED,CONTRADICTED,0.3708,0.0002,0.2018,0.6636,0.6768,0.6636,0.8,
7541_c4,"The restaurant has received mixed reviews, with one customer praising the value and decent food, while another had a negative experience with customer service and refund issues.","their professionalism. You might face a significant waiting time. But the guys who own the place are very nice and welcoming!""}, {""review_stars"": 2.0, ""review_date"": ""2017-08-16 04:25:27"", ""review_text"": ""Have to disagree with rave reviews on this one. We were shown a menu and then told they only ha",SUPPORTED,UNVERIFIED,0.391,0.0004,0.2005,0.7317,0.7418,0.7317,0.8,
7541_c5,"Another customer had a negative experience with their health after eating at the restaurant twice, causing them to never return.","told by the same lady to just leave it on the counter which was weird because usually restaurants just let u have anything that u wanna return out of courtesy and health safety I am sure. Well, to our surprise, they gave the same cup to a different customer after a few minutes. BIG RED FLAG! What if",SUPPORTED,CONTRADICTED,0.3602,0.0003,0.395,0.6502,0.6715,0.6502,0.6,
978_c1,"Former New England Patriots star, Aaron Hernandez, has been convicted of murdering Odin Lloyd, and will face three more trials: one criminal and two civil charges.",Former New England Patriots star Aaron Hernandez will need to keep his lawyers even after being convicted of murder and other charges in the death of Odin Lloyd. The 25-year-old potentially faces three more trials -- one criminal and two civil actions. Next up is another murder trial in which he is ,SUPPORTED,UNVERIFIED,0.3734,0.0003,0.3901,0.7535,0.7864,0.7535,0.6,
978_c3,The trial has been postponed and a new date has not been set.,"warning on Twitter:. ""Sentencing the president won't pass,"" he said. ""The revolution will be ignited, popular anger will increase and we promise you unexpected revolutionary surprises."" At various points in the trial, Morsy said that he was still the President of Egypt and refused to recognize the c",SUPPORTED,UNVERIFIED,0.354,0.0002,0.1242,0.6117,0.6287,0.6117,1.0,
979_c1,"Former New England Patriots star Aaron Hernandez, who was convicted of murder and other charges in the death of Odin Lloyd, will face three more trials.",Former New England Patriots star Aaron Hernandez will need to keep his lawyers even after being convicted of murder and other charges in the death of Odin Lloyd. The 25-year-old potentially faces three more trials -- one criminal and two civil actions. Next up is another murder trial in which he is ,SUPPORTED,UNVERIFIED,0.3748,0.0003,0.1977,0.7523,0.805,0.7523,0.8,
979_c2,The next trial involves the murder of two men and the injury of another person near a Boston nightclub in 2012.,"Investigators allege Hernandez shot and killed Daniel Abreu and Safiro Furtado because one of the men bumped into him on a nightclub dance floor and spilled his drink. District Attorney Patrick Haggan described the scene in a Massachusetts courtroom in May, saying Hernandez became ""angered and incre",SUPPORTED,UNVERIFIED,0.3797,0.0003,0.2014,0.6404,0.6654,0.6404,0.8,
979_c4,"The trial, originally scheduled for May 28, has been postponed with no new date set yet.","warning on Twitter:. ""Sentencing the president won't pass,"" he said. ""The revolution will be ignited, popular anger will increase and we promise you unexpected revolutionary surprises."" At various points in the trial, Morsy said that he was still the President of Egypt and refused to recognize the c",SUPPORTED,UNVERIFIED,0.3709,0.0004,0.0503,0.5656,0.5817,0.5656,1.0,
980_c1,Former New England Patriots player Aaron Hernandez has been convicted of murder and other charges in the death of Odin Lloyd.,"Fall River, Massachusetts (CNN)Former New England Patriots star Aaron Hernandez looked on impassively Wednesday as he was sentenced to life without the possibility of parole, a new low for a young man who once enjoyed a $40 million pro-football contract and now stands convicted in the 2013 murder of",SUPPORTED,UNVERIFIED,0.3823,0.0002,0.5371,0.7557,0.7671,0.7557,0.6,
980_c2,He also faces additional criminal and civil charges.,"a huge difference in sentencing."" In South Carolina, a murder conviction requires a measure of premeditation. But the account from the witness who recorded the cell phone video, Feidin Santana, paints a different picture. He was walking to work when he saw Slager on top of Scott, he said, who was on",SUPPORTED,CONTRADICTED,0.5093,0.0001,0.5896,0.658,0.6659,0.658,0.6,
980_c4,He pleaded not guilty and a new trial date has yet to be set.,"warning on Twitter:. ""Sentencing the president won't pass,"" he said. ""The revolution will be ignited, popular anger will increase and we promise you unexpected revolutionary surprises."" At various points in the trial, Morsy said that he was still the President of Egypt and refused to recognize the c",SUPPORTED,UNVERIFIED,0.3582,0.0003,0.2054,0.6059,0.6171,0.6059,0.8,
980_c6,Hernandez's lawyers are arguing that he cannot defend himself properly while on trial in Massachusetts due to language barriers.,"the car, and Lloyd was not one of them. Nine days later, Hernandez was arrested and charged with first-degree murder and other weapons-related charges. He pleaded not guilty. In April 2014, Ortiz and Wallace were also charged in Lloyd's slaying. They, too, pleaded not guilty. Prosecutors say the thr",UNVERIFIED,SUPPORTED,0.3881,0.0002,0.0031,0.6483,0.6725,0.6483,1.0,
981_c3,"Additionally, the families of the victims have filed civil suits against him, and a judge has frozen his $5 million in assets.","prosecutors. He also requested that the rival's wife be assaulted if she happened to be present, authorities said. ""He was willing to pay $5,000 to have him beaten and put in a hospital for a few months, and then he said he would pay $20,000 to have him killed,"" said Assistant District Attorney Anne",SUPPORTED,CONTRADICTED,0.4009,0.0012,0.0066,0.627,0.6323,0.627,1.0,
982_c1,"Here's the summary within 110 words:

Former NFL player Aaron Hernandez has been convicted of murder and other charges in the death of Odin Lloyd, and now faces three more trials, including one for allegedly killing two men in a nightclub shooting.","the car, and Lloyd was not one of them. Nine days later, Hernandez was arrested and charged with first-degree murder and other weapons-related charges. He pleaded not guilty. In April 2014, Ortiz and Wallace were also charged in Lloyd's slaying. They, too, pleaded not guilty. Prosecutors say the thr",SUPPORTED,UNVERIFIED,0.3749,0.0003,0.3954,0.7929,0.8036,0.7929,0.6,
982_c2,Hernandez has pleaded not guilty to the charges and his lawyers plan to appeal.,Former New England Patriots star Aaron Hernandez will need to keep his lawyers even after being convicted of murder and other charges in the death of Odin Lloyd. The 25-year-old potentially faces three more trials -- one criminal and two civil actions. Next up is another murder trial in which he is ,UNVERIFIED,SUPPORTED,0.3945,0.0012,0.0049,0.6755,0.6954,0.6755,1.0,
954_c2,They have been charged with sexual battery by multiple perpetrators.,"into me very hard."" Ultimately, Baughn said she was able to open the door and get away. Choudhury said Baughn's claims are false. ""It's not truth. I don't do that. I don't have to,"" he said. He said he makes it a practice to never be alone with any of his students. He repeatedly denied assaulting hi",SUPPORTED,CONTRADICTED,0.379,0.0017,0.2293,0.6722,0.6793,0.6722,0.8,
955_c2,The incident was discovered after the Troy Police Department found a video of the rape while investigating an unrelated shooting.,"there -- watching, looking, seeing, hearing what's going on,"" McKeithen said. ""And yet our culture and our society and our young people have got to the point where obviously this is acceptable somewhere. I will tell you it is not acceptable in Bay County."" Authorities have said they plan to intervie",SUPPORTED,UNVERIFIED,0.4379,0.1925,0.017,0.656,0.684,0.656,0.8,
955_c4,"The investigation is ongoing, and more arrests are expected.","warned at the outset to be patient, Koch said Thursday. ""We've told the family from the beginning that answers were not going to come quickly and that the investigation needed to be full and complete, ... and hopefully what will happen is the correct people are charged, those charged are prosecuted ",SUPPORTED,CONTRADICTED,0.3712,0.0003,0.0038,0.6606,0.6716,0.6606,1.0,
956_c2,The video of the alleged attack was found during an investigation into an unrelated incident and was handed over to the Bay County Sheriff's Office.,"the video during the course of an investigation into an unrelated shooting and turned it over to the Bay County Sheriff's Office. The video shows suspects pushing the victim's hand aside and holding her legs down, Corley said. ""You can see in the video there are people two feet away. They were assau",SUPPORTED,UNVERIFIED,0.3832,0.0002,0.3542,0.7187,0.7842,0.7187,0.8,
956_c3,The identities of the victim and the exact date and location of the incident remain undisclosed due to concerns about re-traumatizing her.,"news conference. ""It's just unbelievable how we found him out there last night. To see that kid laying there, it's heartbreaking to see another human, especially a mother, can treat someone like that."" Officials at Philadelphia's School of the Future, which the man attends, became concerned when he ",SUPPORTED,UNVERIFIED,0.3575,0.0006,0.3711,0.6773,0.6881,0.6773,0.6,
956_c5,"The investigation is ongoing, and more arrests may follow.","on April 12 as they patrolled an area known for crime and drug activity. When Gray saw them, authorities said, he started running. Gray's family attorney and protesters claim police didn't have any probable cause to chase him, but did so only because he was ""running while black."" But Davey said offi",SUPPORTED,UNVERIFIED,0.3684,0.0003,0.0026,0.6706,0.6782,0.6706,1.0,
957_c4,The victim was a visitor to the area.,"news conference. ""It's just unbelievable how we found him out there last night. To see that kid laying there, it's heartbreaking to see another human, especially a mother, can treat someone like that."" Officials at Philadelphia's School of the Future, which the man attends, became concerned when he ",SUPPORTED,UNVERIFIED,0.3806,0.001,0.2056,0.7068,0.7197,0.7068,0.8,
958_c2,The attack was recorded and shared on social media.,"the video during the course of an investigation into an unrelated shooting and turned it over to the Bay County Sheriff's Office. The video shows suspects pushing the victim's hand aside and holding her legs down, Corley said. ""You can see in the video there are people two feet away. They were assau",UNVERIFIED,CONTRADICTED,0.3814,0.0002,0.199,0.6597,0.6658,0.6597,0.8,
958_c3,The victims identity is being protected due to state laws.,"news conference. ""It's just unbelievable how we found him out there last night. To see that kid laying there, it's heartbreaking to see another human, especially a mother, can treat someone like that."" Officials at Philadelphia's School of the Future, which the man attends, became concerned when he ",SUPPORTED,UNVERIFIED,0.3711,0.0003,0.1958,0.6869,0.7002,0.6869,0.8,
958_c5,They will have their first court appearance Saturday morning.,"""The students have been placed on temporary suspension from school per the university's standards of conduct and disciplinary procedures. Martistee, a member of the track and field team, has also been removed from the team."" The investigation continues and more arrests are expected, the Bay County S",SUPPORTED,UNVERIFIED,0.3982,0.0005,0.0009,0.5934,0.6285,0.5934,1.0,
16980_c2,Make sure the router is turned on.,"Question: how do I turn my computer wifi on?

passage 1:1 Click the Start button and navigate to Settings Network Connections. 2  Right-click the Wireless Network Connection and select View Available Wireless Networks. 3  Right-click the name of your wireless connection and click Disable. the Window",SUPPORTED,UNVERIFIED,0.3936,0.0006,0.1983,0.6261,0.6902,0.6261,0.8,
16981_c4,"Enter ""admin"" as the login username and password.","Question: how to determine administrators on windows 10 passage 1:Enable the built-in administrator account in Windows 10. Step 1: Open elevated Command Prompt (Command Prompt with admin rights). To open Command Prompt as administrator, you need to type CMD in Start search box and then simultaneousl",SUPPORTED,UNVERIFIED,0.4071,0.1996,0.1279,0.6247,0.6886,0.6247,0.6,
16981_c5,"If the username field is left blank, simply click OK to log in.","To have Firefox remember your username and password, click Remember Password. 2 The next time you visit the website, Firefox will automatically enter your username and password for you. 3 If you've stored the wrong username or password, just type the right one into the website and Firefox will promp",SUPPORTED,UNVERIFIED,0.411,0.1812,0.2034,0.5748,0.633,0.5748,0.6,
16981_c6,Click on the Wireless tab.,"Question: how do I turn my computer wifi on?

passage 1:1 Click the Start button and navigate to Settings Network Connections. 2  Right-click the Wireless Network Connection and select View Available Wireless Networks. 3  Right-click the name of your wireless connection and click Disable. the Window",SUPPORTED,UNVERIFIED,0.3729,0.0301,0.1991,0.6406,0.7092,0.6406,0.8,
16982_c3,Make sure the router is turned on.,"Question: how do I turn my computer wifi on?

passage 1:1 Click the Start button and navigate to Settings Network Connections. 2  Right-click the Wireless Network Connection and select View Available Wireless Networks. 3  Right-click the name of your wireless connection and click Disable. the Window",SUPPORTED,UNVERIFIED,0.3936,0.0006,0.1983,0.6261,0.6902,0.6261,0.8,
16982_c6,"If you changed your IP router's IP address, enter that address instead.","Question: how to name your router linksys

passage 1:Step 2. Open your browser and enter 192.168.1.1 in the top address field. This is the default IP address for most Linksys routers. If you changed your IP router's IP address, enter that address instead.tep 2. Open your browser and enter 192.168.1.",SUPPORTED,UNVERIFIED,0.3941,0.0014,0.0035,0.6409,0.6703,0.6409,1.0,
16982_c7,"Enter ""admin"" as the login username and password.","Question: how to determine administrators on windows 10 passage 1:Enable the built-in administrator account in Windows 10. Step 1: Open elevated Command Prompt (Command Prompt with admin rights). To open Command Prompt as administrator, you need to type CMD in Start search box and then simultaneousl",SUPPORTED,UNVERIFIED,0.4071,0.1996,0.1279,0.6247,0.6886,0.6247,0.6,
16982_c9,Click on the Wireless tab.,"Question: how do I turn my computer wifi on?

passage 1:1 Click the Start button and navigate to Settings Network Connections. 2  Right-click the Wireless Network Connection and select View Available Wireless Networks. 3  Right-click the name of your wireless connection and click Disable. the Window",SUPPORTED,UNVERIFIED,0.3729,0.0301,0.1991,0.6406,0.7092,0.6406,0.8,
16983_c4,Unable to answer based on given passages.,"Question: how did different groups understand or experience the four freedoms differently

passage 1:Sometimes we fail to hear or heed these voices of freedom because to us the privilege of our freedom is such an old, old story. —Franklin Delano Roosevelt, in his Third Inaugural Address, January 20,",SUPPORTED,CONTRADICTED,0.3895,0.0003,0.1492,0.661,0.681,0.661,0.8,
16983_c9,"Once logged in, navigate to the wireless settings page and enter your desired SSID in the appropriate field.","Question: how to name your router linksys

passage 1:Step 2. Open your browser and enter 192.168.1.1 in the top address field. This is the default IP address for most Linksys routers. If you changed your IP router's IP address, enter that address instead.tep 2. Open your browser and enter 192.168.1.",SUPPORTED,UNVERIFIED,0.381,0.0011,0.2041,0.6554,0.6758,0.6554,0.8,
16983_c11,Make sure the router is turned on.,"Question: how do I turn my computer wifi on?

passage 1:1 Click the Start button and navigate to Settings Network Connections. 2  Right-click the Wireless Network Connection and select View Available Wireless Networks. 3  Right-click the name of your wireless connection and click Disable. the Window",SUPPORTED,UNVERIFIED,0.3936,0.0006,0.1983,0.6261,0.6902,0.6261,0.8,
16983_c12,"Again, unable to answer based on the given passages.","Question: how did different groups understand or experience the four freedoms differently

passage 1:Sometimes we fail to hear or heed these voices of freedom because to us the privilege of our freedom is such an old, old story. —Franklin Delano Roosevelt, in his Third Inaugural Address, January 20,",SUPPORTED,UNVERIFIED,0.3689,0.0005,0.0025,0.6424,0.6686,0.6424,1.0,
16984_c4,Click on the Wireless tab.,"Question: how do I turn my computer wifi on?

passage 1:1 Click the Start button and navigate to Settings Network Connections. 2  Right-click the Wireless Network Connection and select View Available Wireless Networks. 3  Right-click the name of your wireless connection and click Disable. the Window",SUPPORTED,UNVERIFIED,0.3729,0.0301,0.1991,0.6406,0.7092,0.6406,0.8,
16984_c6,"Therefore, I cannot answer whether it is possible to rename the router itself.","Question: how to name your router linksys

passage 1:Step 2. Open your browser and enter 192.168.1.1 in the top address field. This is the default IP address for most Linksys routers. If you changed your IP router's IP address, enter that address instead.tep 2. Open your browser and enter 192.168.1.",SUPPORTED,UNVERIFIED,0.3842,0.0019,0.2018,0.6338,0.672,0.6338,0.8,
16985_c3,Enter admin as the login username and password.,"Question: how to determine administrators on windows 10 passage 1:Enable the built-in administrator account in Windows 10. Step 1: Open elevated Command Prompt (Command Prompt with admin rights). To open Command Prompt as administrator, you need to type CMD in Start search box and then simultaneousl",SUPPORTED,UNVERIFIED,0.4077,0.1997,0.1369,0.6128,0.6748,0.6128,0.6,
16985_c4,Click the Wireless tab.,"Question: how do I turn my computer wifi on?

passage 1:1 Click the Start button and navigate to Settings Network Connections. 2  Right-click the Wireless Network Connection and select View Available Wireless Networks. 3  Right-click the name of your wireless connection and click Disable. the Window",SUPPORTED,UNVERIFIED,0.3633,0.0244,0.1989,0.6301,0.6965,0.6301,0.8,
9264_c2,"The bistro is open every day of the week, with slightly shorter hours on Sundays.","name: Our Daily Bread address: 2700 De La Vina St city: Santa Barbara state: CA categories: Restaurants, Cafes, Breakfast & Brunch, Bakeries, Food hours: {""Monday"": ""0:0-0:0"", ""Tuesday"": ""6:30-15:30"", ""Wednesday"": ""6:30-15:30"", ""Thursday"": ""6:30-15:30"", ""Friday"": ""6:30-15:30"", ""Saturday"": ""6:30-15:3",SUPPORTED,CONTRADICTED,0.5625,0.0828,0.0593,0.5942,0.6,0.5942,1.0,
9264_c3,"It offers a casual yet classy ambience, with free Wi-Fi, outdoor seating, and is suitable for groups.","nice and accommodating. Seems like a nice, quiet environment to sit and work in. I like the variety of items on the menu as far as coffees/drinks go. The caramel latte was very good, the drinks are all very unique and are presented very well. I have never had the food items so I can not say if I wou",SUPPORTED,CONTRADICTED,0.3961,0.0005,0.001,0.5935,0.6134,0.5935,1.0,
9264_c4,"Customers are responsible for their own parking, with a lot available.","that have been the ride of choice for Chinese officials. On top of that, the hassles of car ownership are deterring some potential buyers, as is an awareness of the environmental costs. Congested and chaotic roads, restrictions on the number of new vehicle license plates and a shortage of residentia",SUPPORTED,CONTRADICTED,0.4664,0.018,0.0365,0.5702,0.5904,0.5702,1.0,
9264_c5,"Based on customer reviews, the patisserie is highly praised for its croissant egg breakfast sandwich and Galette Des Rois (King's Cake), a special dessert for Epiphany.","day! Alessia's Patisserie is worth the stop, even if you just need a nice little treat for you're self, you deserve it!""}, {""review_stars"": 5.0, ""review_date"": ""2022-01-19 16:20:45"", ""review_text"": ""Alessia is an amazing pastry chef! She did the desserts for our wedding and everything was so delicio",SUPPORTED,UNVERIFIED,0.3745,0.0005,0.3974,0.6591,0.6751,0.6591,0.6,
9264_c6,"The staff is commended for their friendliness, and the quick service is appreciated by the customers.","this place. The employees are the nicest people and the food is just so great. I came to get food for take out and as soon as I walked in, there was a super nice girl waiting to greet me. I gave her my order and sat down to wait, she offered me free tea and offered my kids water as well. The order c",SUPPORTED,UNVERIFIED,0.3721,0.0015,0.0003,0.6584,0.6789,0.6584,1.0,
9265_c2,It is a French-inspired establishment that serves a variety of food and beverages.,"cocktails, and also made some spot-on food suggestions. Her depth of knowledge in both the world of spirits and food was much appreciated.\n\nTheir Bar Menu/Petit Plats offers a wide array of dishes, and we started right away with the Pate de Campagne, and Oeufs Mimosa. Both incredibly delicious, an",SUPPORTED,CONTRADICTED,0.4072,0.0008,0.0516,0.668,0.6727,0.668,1.0,
9265_c3,"The business is known for its breakfast and brunch options, as well as its sandwiches, pastries, and baked goods.","the floral patterns, the decor is for sure very welcoming. \n\nWe went there for a friend's birthday brunch. We were driving from LA to Santa Barbara for a day trip and were running late so we called them on our way and told them we would be 15 minutes late and they were very accommodating.\n\nAs so",SUPPORTED,CONTRADICTED,0.4094,0.0004,0.1811,0.6464,0.6575,0.6464,0.8,
9265_c4,"Customers have praised the quality and taste of the food, particularly the croissant egg breakfast sandwich, fresh squeezed orange juice, and chocolate croissant.","the floral patterns, the decor is for sure very welcoming. \n\nWe went there for a friend's birthday brunch. We were driving from LA to Santa Barbara for a day trip and were running late so we called them on our way and told them we would be 15 minutes late and they were very accommodating.\n\nAs so",SUPPORTED,CONTRADICTED,0.371,0.0003,0.2424,0.6764,0.6818,0.6764,0.8,
9265_c5,"The friendly staff, quick service, and charming ambiance have also been highlighted in customer reviews.","see if they deserve and upgrade.""}, {""review_stars"": 4.0, ""review_date"": ""2014-03-02 15:38:33"", ""review_text"": ""This is a great spot for a drink and some dessert. The dinner menu is decent but the price and size do not match. Don't come hungry, but do enjoy a specialty drink.""}, {""review_stars"": 5.0",SUPPORTED,UNVERIFIED,0.3702,0.0005,0.001,0.6714,0.682,0.6714,1.0,
9265_c6,The bistro offers free WiFi and has outdoor seating available.,"limited indoors so there is a line starting from the door.\n\nAt the time of my visit, outdoor dining was still allowed so there were patio furniture set up and some people were availing themselves of it.\n\nWhich was great because next door is Caffe Luxxe!""}, {""review_stars"": 5.0, ""review_date"": ""2",SUPPORTED,CONTRADICTED,0.3761,0.0002,0.004,0.6379,0.6561,0.6379,1.0,
9265_c7,It is open from 6:30 am to 4:00 pm on weekdays and from 6:30 am to 3:00 pm on Sundays.,"what time they closed. Website says 9:30pm on Friday. I drove down to get some food to go, as I get there the guy is closing up the place and says they are closed. Either he doesn't know the hours of business or doesn't give a fu¢|(. So I just told him the hours online say they close at 9:30pm and h",SUPPORTED,CONTRADICTED,0.5976,0.0261,0.3563,0.5798,0.5895,0.5798,0.6,
9265_c8,The business provides takeout options and can accommodate groups.,place has a decent feel and the food is really good. The staff was generally pretty decent save for the slovenly bartender who was a least 3 times drunker than any of the paying customers and the other bartender who ordered food off of my tab and proceeded to share it with the entire bar without my ,SUPPORTED,UNVERIFIED,0.3729,0.0002,0.0008,0.6734,0.6887,0.6734,1.0,
9265_c12,"The cake comes with figurines and a gold crown, making it a fun and delicious treat to share.","\n\nI've had the traditional Mardi Gras style cake many times, either homemade or store bought. However, Renaud's has really WOWED me with the french style King's Cake!! It's everything I love about french pastries, buttery, light, delicious almond filling! It is just fantastic and so fun. \n\nThe c",SUPPORTED,CONTRADICTED,0.3621,0.0013,0.1258,0.5465,0.5895,0.5465,0.8,
9266_c3,"The bakery is known for its croissants, which are described as being the best that customers have ever had.","home, this bakery offers the most tasty home baked goods. I also tried a cinnamon roll that deserves its props. I wish I could have bought one of everything. The owner was working hard all alone; you can tell he is a master at his craft. Already looking forward to my next trip back to SB.""}, {""revie",SUPPORTED,CONTRADICTED,0.3916,0.0003,0.1965,0.6322,0.6617,0.6322,0.8,
9266_c4,The restaurant also offers outdoor seating and free Wi-Fi.,"along the corridor. They take germs and the pandemic seriously here. I like their wine and alcohol list, and it's a peaceful spot for conversation. Because the restaurant looks quaint, sits up on a hill away from the sidewalk and busy street, and there's little tables in different little spots, it f",SUPPORTED,CONTRADICTED,0.3758,0.0003,0.0057,0.6588,0.6668,0.6588,1.0,
9266_c5,"Customers have praised the friendly staff and cute ambiance, and many have left positive reviews of their experiences there.","see if they deserve and upgrade.""}, {""review_stars"": 4.0, ""review_date"": ""2014-03-02 15:38:33"", ""review_text"": ""This is a great spot for a drink and some dessert. The dinner menu is decent but the price and size do not match. Don't come hungry, but do enjoy a specialty drink.""}, {""review_stars"": 5.0",SUPPORTED,UNVERIFIED,0.3761,0.0005,0.0015,0.6823,0.7065,0.6823,1.0,
9267_c2,"With a rating of 4.5 stars, the business offers a wide range of French cuisine, including breakfast items, sandwiches, and pastries.","the floral patterns, the decor is for sure very welcoming. \n\nWe went there for a friend's birthday brunch. We were driving from LA to Santa Barbara for a day trip and were running late so we called them on our way and told them we would be 15 minutes late and they were very accommodating.\n\nAs so",SUPPORTED,UNVERIFIED,0.3763,0.0002,0.4111,0.6751,0.7003,0.6751,0.6,
9267_c3,"Customers have praised the quality of the food, service, and atmosphere, particularly the delicious croissants, friendly staff, and cozy ambiance.","the floral patterns, the decor is for sure very welcoming. \n\nWe went there for a friend's birthday brunch. We were driving from LA to Santa Barbara for a day trip and were running late so we called them on our way and told them we would be 15 minutes late and they were very accommodating.\n\nAs so",SUPPORTED,UNVERIFIED,0.3789,0.0003,0.1967,0.6877,0.7069,0.6877,0.8,
9267_c4,The business offers both indoor and outdoor seating and provides free WiFi.,"for the burrito to arrive, which was ok. I had eaten one of the cookies sold at the counter as a small appetizer. While an employee indicated that there was Wi-Fi, this really isn't set up for it. I had taken a tablet out to reference something, yet had to use my network. No big deal.\n\nI love retu",SUPPORTED,CONTRADICTED,0.5527,0.1322,0.2046,0.6101,0.6178,0.6101,0.6,
9267_c5,"While reservations are not accepted, takeout is available.","girl that was seating us said, \""yes,\"" but we must order an appetizer. Then she proceeded to take us out to the patio which confused me because I asked for the bar, but I dismissed that. She sat us at a table, and we ordered our appetizer and drinks from the server. He comes back with our drinks an",SUPPORTED,CONTRADICTED,0.3731,0.0003,0.1137,0.6814,0.6927,0.6814,0.8,
9268_c2,"They offer a variety of menu items including French-inspired breakfast and brunch dishes, sandwiches, pastries, and desserts.","Question: types of food in france

passage 1:Breakfast in France is usually a light affair, with the beverage (usually coffee) being just as important as the food. Some typical French breakfast choices:  1 Tartines, which is toast with jam, is a typical French breakfast loved for its simplicity and ",SUPPORTED,CONTRADICTED,0.3907,0.0003,0.3804,0.6321,0.6673,0.6321,0.6,
9268_c4,The bakery has a cozy and intimate atmosphere with outdoor seating available.,There's outdoor seating and shade or sun. They leave the doors open so there's good airflow. And there's also wonderful shirts on the wall honoring first responders and celebrating different fire stations.\n\nThey have fresh soup of the day and seasonal additions to the menu. We've had about three d,SUPPORTED,UNVERIFIED,0.3674,0.0008,0.1178,0.6676,0.705,0.6676,0.8,
9268_c5,"Customers have praised the quality of their croissants, egg breakfast sandwiches, and other pastries, as well as the friendly staff and cute ambiance.","the floral patterns, the decor is for sure very welcoming. \n\nWe went there for a friend's birthday brunch. We were driving from LA to Santa Barbara for a day trip and were running late so we called them on our way and told them we would be 15 minutes late and they were very accommodating.\n\nAs so",SUPPORTED,UNVERIFIED,0.3709,0.0003,0.1352,0.6708,0.7097,0.6708,0.8,
9269_c2,"The bistro has a cozy and intimate atmosphere, with both indoor and outdoor seating options.","nice and accommodating. Seems like a nice, quiet environment to sit and work in. I like the variety of items on the menu as far as coffees/drinks go. The caramel latte was very good, the drinks are all very unique and are presented very well. I have never had the food items so I can not say if I wou",SUPPORTED,UNVERIFIED,0.384,0.0006,0.3957,0.6777,0.715,0.6777,0.6,
9269_c3,"The menu offers a variety of options, including croissant egg breakfast sandwiches, freshly squeezed orange juice, and chocolate croissants, all made with high-quality ingredients.","atmosphere and I was surprised that there was a live band playing. I ordered the crab omelette and my sister ordered the Loco Moco that they had as one of the day's specials. Both dishes were tasty and hearty, plus reasonably priced. I love how filled the omelette was and how the cheese from inside ",SUPPORTED,CONTRADICTED,0.451,0.0004,0.3909,0.6254,0.6299,0.6254,0.6,
9269_c4,"The staff is friendly and attentive, and the service is prompt.","on by - thank goodness !""}, {""review_stars"": 4.0, ""review_date"": ""2021-12-28 19:02:22"", ""review_text"": ""The wait to be seated was short despite the long line, they work quickly to get your food in front of you. The Customer service at this place is awesome and deserves 5 stars by itself. They are ve",SUPPORTED,CONTRADICTED,0.4066,0.0008,0.2027,0.643,0.6522,0.643,0.8,
9269_c5,"Customers rave about the food at Renaud's, with many mentioning the croissant breakfast sandwich as a standout item.","atmosphere and I was surprised that there was a live band playing. I ordered the crab omelette and my sister ordered the Loco Moco that they had as one of the day's specials. Both dishes were tasty and hearty, plus reasonably priced. I love how filled the omelette was and how the cheese from inside ",SUPPORTED,CONTRADICTED,0.4202,0.0003,0.1826,0.6456,0.6533,0.6456,0.8,
9269_c6,"One reviewer noted that it was the best they've ever had, and another mentioned that it was delicious and made with fresh, high-quality ingredients.","it was delicious. The staff was welcoming and attentive. Best of all they brought out a desert to thank my parents for visiting for the first time. My parents are locals in Santa Barbara and they will certainly be back.""}, {""review_stars"": 4.0, ""review_date"": ""2022-01-16 08:52:29"", ""review_text"": ""T",SUPPORTED,UNVERIFIED,0.3707,0.0003,0.0039,0.6817,0.6897,0.6817,1.0,
9269_c7,"The Galette Des Rois, a seasonal King's Cake, has also received high praise for its buttery, light, and delicious almond filling.","\n\nI've had the traditional Mardi Gras style cake many times, either homemade or store bought. However, Renaud's has really WOWED me with the french style King's Cake!! It's everything I love about french pastries, buttery, light, delicious almond filling! It is just fantastic and so fun. \n\nThe c",SUPPORTED,UNVERIFIED,0.3897,0.0005,0.199,0.5946,0.6942,0.5946,0.8,
9269_c9,"The bistro offers takeout and reservations, and the ambiance is casual and classy, making it suitable for a variety of occasions.","nice and accommodating. Seems like a nice, quiet environment to sit and work in. I like the variety of items on the menu as far as coffees/drinks go. The caramel latte was very good, the drinks are all very unique and are presented very well. I have never had the food items so I can not say if I wou",SUPPORTED,CONTRADICTED,0.3748,0.0004,0.005,0.6501,0.6622,0.6501,1.0,
9269_c10,"Wi-Fi is available, and the bistro is wheelchair accessible.","for the burrito to arrive, which was ok. I had eaten one of the cookies sold at the counter as a small appetizer. While an employee indicated that there was Wi-Fi, this really isn't set up for it. I had taken a tablet out to reference something, yet had to use my network. No big deal.\n\nI love retu",UNVERIFIED,CONTRADICTED,0.3814,0.0002,0.0049,0.6109,0.6367,0.6109,1.0,
11748_c2,"It specializes in a variety of cuisines including Vegan, Gluten-Free, Falafel, Mediterranean, Salad, and Sandwiches.","name: Fala Bar address: 38 W Victoria St, Ste 108 city: Santa Barbara state: CA categories: Restaurants, Vegan, Gluten-Free, Falafel, Mediterranean, Salad, Sandwiches hours: {""Monday"": ""11:30-16:30"", ""Tuesday"": ""11:30-21:0"", ""Wednesday"": ""11:30-21:0"", ""Thursday"": ""11:30-21:0"", ""Friday"": ""11:30-21:30",SUPPORTED,CONTRADICTED,0.3703,0.0804,0.1924,0.6464,0.6564,0.6464,0.8,
11748_c3,The restaurant is open seven days a week with varying hours.,"name: Seven Bar & Kitchen address: 224 Helena St city: Santa Barbara state: CA categories: Lounges, Art Galleries, American (New), Bars, Shopping, Nightlife, Restaurants, Music Venues, Gastropubs, Cocktail Bars, Arts & Entertainment hours: {""Monday"": ""0:0-0:0"", ""Wednesday"": ""17:0-0:0"", ""Thursday"": """,SUPPORTED,CONTRADICTED,0.4942,0.2276,0.0447,0.6768,0.7151,0.6768,0.6,
11748_c4,"It offers several amenities such as free Wi-Fi, outdoor seating, and take-out service.","nice and accommodating. Seems like a nice, quiet environment to sit and work in. I like the variety of items on the menu as far as coffees/drinks go. The caramel latte was very good, the drinks are all very unique and are presented very well. I have never had the food items so I can not say if I wou",SUPPORTED,CONTRADICTED,0.3981,0.0003,0.0219,0.6465,0.6555,0.6465,1.0,
11748_c6,"Parking is convenient with a garage, street, and lot parking available.","authorities and state industries, which are responding to central government directives. Few Chinese have American-style garages where the vehicles can be charged overnight. Li said he thought it would be inconvenient. ""I don't want a hybrid car. I thought maybe a Tesla but it's too expensive,"" he s",SUPPORTED,CONTRADICTED,0.5097,0.0041,0.2009,0.5637,0.5722,0.5637,0.8,
11748_c7,No valet or validated parking is provided.,app said lobby was open until 9pm. I tried to go in at 8:50 PM. Doors were locked. Parked in front of the signs for online orders and checked in. Waited for 20 minutes and nobody came out. I decided to pull up to the drive thru window to let them know I had an online order. The girl seemed puzzled a,SUPPORTED,CONTRADICTED,0.5189,0.0013,0.197,0.56,0.572,0.56,0.8,
11748_c9,"The restaurant's service and atmosphere are also commended, with one customer mentioning that the service was fast and the staff was friendly.","this place. The employees are the nicest people and the food is just so great. I came to get food for take out and as soon as I walked in, there was a super nice girl waiting to greet me. I gave her my order and sat down to wait, she offered me free tea and offered my kids water as well. The order c",SUPPORTED,UNVERIFIED,0.3857,0.0012,0.0002,0.7103,0.7277,0.7103,1.0,
11749_c2,"This restaurant offers a variety of vegan and gluten-free options, specializing in falafel, Mediterranean cuisine, salads, and sandwiches.","name: Fala Bar address: 38 W Victoria St, Ste 108 city: Santa Barbara state: CA categories: Restaurants, Vegan, Gluten-Free, Falafel, Mediterranean, Salad, Sandwiches hours: {""Monday"": ""11:30-16:30"", ""Tuesday"": ""11:30-21:0"", ""Wednesday"": ""11:30-21:0"", ""Thursday"": ""11:30-21:0"", ""Friday"": ""11:30-21:30",SUPPORTED,UNVERIFIED,0.4255,0.2115,0.123,0.6765,0.7098,0.6765,0.6,
11749_c5,"One reviewer mentioned that they were not vegan but still enjoyed the food, finding it delicious and satisfying.","naan, was Himalayan special chow meon. From the spicy level of 1-10, we chose 7. It was delicious but a bit too spicy for me to fully enjoy although I can proudly say I can handle spicy food. Maybe next time I will choose 5. The food was amazing with cold beer. The price was very reasonable too. By ",SUPPORTED,CONTRADICTED,0.3862,0.0007,0.1301,0.6718,0.7009,0.6718,1.0,
11749_c6,"They specifically enjoyed the avocado burger and kale burger, noting that the portions were generous.","(a bit like a quesadilla but with small tortillas sandwiching the fillings); the meats and salsas were all on point. Mostly I appreciated the kindness and hospitality we received here!""}, {""review_stars"": 5.0, ""review_date"": ""2021-03-20 20:51:18"", ""review_text"": ""This food is amazing! We stopped 2 d",SUPPORTED,UNVERIFIED,0.3639,0.0006,0.1311,0.6405,0.6459,0.6405,0.8,
11749_c7,"The staff was friendly, and the service was fast.","this place. The employees are the nicest people and the food is just so great. I came to get food for take out and as soon as I walked in, there was a super nice girl waiting to greet me. I gave her my order and sat down to wait, she offered me free tea and offered my kids water as well. The order c",SUPPORTED,CONTRADICTED,0.3949,0.0426,0.0003,0.6602,0.6716,0.6602,1.0,
11749_c11,The restaurant offers a pleasant dining experience with friendly service.,"along the corridor. They take germs and the pandemic seriously here. I like their wine and alcohol list, and it's a peaceful spot for conversation. Because the restaurant looks quaint, sits up on a hill away from the sidewalk and busy street, and there's little tables in different little spots, it f",SUPPORTED,UNVERIFIED,0.3896,0.0099,0.1452,0.7308,0.7571,0.7308,0.8,
11749_c12,"With its convenient location and diverse menu, it is a great choice for those seeking vegan and gluten-free options in Santa Barbara.","fair too (Santa Barbara can be pricey). They had a nice water station and appear to be taking Covid precautions seriously. I was happy with my Chicken Cesar salad. It was loaded with nicely seasoned chicken, tomato, avocado, parmesan, and zesty croutons. I swapped the dressing for oil and vinegar. I",SUPPORTED,UNVERIFIED,0.3773,0.1189,0.0095,0.7205,0.7294,0.7205,0.8,
11750_c2,"It offers a variety of dishes such as falafel, Mediterranean cuisine, salads, and sandwiches.",had one a couple days ago and zipped back for a repeat order. The falafel was actually spicy (vs salty spicy and spicy for wimps). It was crunchy in the outside and tender on the inside. The veg mix was super spot on! The extra hot sauce was freaking amazing and I emptied it! Tahini sauce was as per,SUPPORTED,UNVERIFIED,0.3839,0.0003,0.0028,0.6295,0.6417,0.6295,1.0,
11750_c6,"According to customer reviews, the restaurant has a high rating of 4.5 stars and is known for its delicious and satisfying vegan options.","hope it will reopen and am giving it four stars because it is one of a few places in Isla Vista that genuinely (mostly; see the end of my review for why not) caters to vegans. If it weren't for this, I would be giving the place three stars--or, actually, I wouldn't be eating there, since I'm vegan, ",SUPPORTED,UNVERIFIED,0.396,0.1797,0.1309,0.7472,0.7841,0.7472,0.6,
11751_c1,"Based on the provided structured data, here is an objective overview of Fala Bar:

Fala Bar is a popular restaurant located in Santa Barbara, California, serving a variety of vegetarian and vegan dishes.","name: Fala Bar address: 38 W Victoria St, Ste 108 city: Santa Barbara state: CA categories: Restaurants, Vegan, Gluten-Free, Falafel, Mediterranean, Salad, Sandwiches hours: {""Monday"": ""11:30-16:30"", ""Tuesday"": ""11:30-21:0"", ""Wednesday"": ""11:30-21:0"", ""Thursday"": ""11:30-21:0"", ""Friday"": ""11:30-21:30",UNVERIFIED,SUPPORTED,0.4201,0.3981,0.0328,0.7023,0.7762,0.7023,0.6,
11751_c2,"With a rating of 4.5 stars, the business offers a cozy atmosphere with free WiFi and outdoor seating.","along the corridor. They take germs and the pandemic seriously here. I like their wine and alcohol list, and it's a peaceful spot for conversation. Because the restaurant looks quaint, sits up on a hill away from the sidewalk and busy street, and there's little tables in different little spots, it f",SUPPORTED,CONTRADICTED,0.3649,0.0006,0.245,0.6757,0.6888,0.6757,0.8,
11751_c5,"Reviewers have praised the quality of the food, service, and ambiance, with many mentioning the delicious and satisfying meals they enjoyed.","lady helping us was extremely kind. The food was delicious as well. We were very pleased with our visit and will definitely be back soon.""}, {""review_stars"": 5.0, ""review_date"": ""2021-10-11 00:49:05"", ""review_text"": ""Yum! My friend's husband picked up to go for my friend's birthday and it was so goo",SUPPORTED,UNVERIFIED,0.3865,0.0004,0.1871,0.7246,0.7269,0.7246,0.8,
11752_c2,"The menu features falafel, salads, sandwiches, and other plant-based options.",had one a couple days ago and zipped back for a repeat order. The falafel was actually spicy (vs salty spicy and spicy for wimps). It was crunchy in the outside and tender on the inside. The veg mix was super spot on! The extra hot sauce was freaking amazing and I emptied it! Tahini sauce was as per,SUPPORTED,UNVERIFIED,0.3817,0.0004,0.1563,0.6471,0.6753,0.6471,0.8,
11752_c6,"WiFi is free, and reservations are not required.","for the burrito to arrive, which was ok. I had eaten one of the cookies sold at the counter as a small appetizer. While an employee indicated that there was Wi-Fi, this really isn't set up for it. I had taken a tablet out to reference something, yet had to use my network. No big deal.\n\nI love retu",SUPPORTED,CONTRADICTED,0.4715,0.0009,0.181,0.5871,0.6096,0.5871,0.8,
11752_c7,Reviewers have praised the friendly service and the value for money.,"Good service. To be concise, an eating experience I've yet to have anywhere else They will be missed.""}, {""review_stars"": 5.0, ""review_date"": ""2019-08-27 02:38:00"", ""review_text"": ""Just had dinner here with some friends and family. The service was great. The food was fantastic. I had the buffet and ",SUPPORTED,CONTRADICTED,0.3765,0.0006,0.0005,0.6474,0.6588,0.6474,1.0,
11753_c4,"The atmosphere is casual and welcoming, with outdoor seating available.","nice and accommodating. Seems like a nice, quiet environment to sit and work in. I like the variety of items on the menu as far as coffees/drinks go. The caramel latte was very good, the drinks are all very unique and are presented very well. I have never had the food items so I can not say if I wou",SUPPORTED,UNVERIFIED,0.374,0.0004,0.0006,0.6599,0.6839,0.6599,1.0,
11753_c5,"The staff is friendly and efficient, and the service is fast.","this place. The employees are the nicest people and the food is just so great. I came to get food for take out and as soon as I walked in, there was a super nice girl waiting to greet me. I gave her my order and sat down to wait, she offered me free tea and offered my kids water as well. The order c",SUPPORTED,CONTRADICTED,0.3719,0.0012,0.0004,0.6433,0.6605,0.6433,1.0,
11753_c6,"Fala Bar offers free Wi-Fi and accepts reservations, take-out, and delivery.","name: Fala Bar address: 38 W Victoria St, Ste 108 city: Santa Barbara state: CA categories: Restaurants, Vegan, Gluten-Free, Falafel, Mediterranean, Salad, Sandwiches hours: {""Monday"": ""11:30-16:30"", ""Tuesday"": ""11:30-21:0"", ""Wednesday"": ""11:30-21:0"", ""Thursday"": ""11:30-21:0"", ""Friday"": ""11:30-21:30",CONTRADICTED,UNVERIFIED,0.4427,0.2207,0.0285,0.6077,0.6518,0.6077,0.8,
13076_c2,"This method involves spreading a layer of compost over the grass area around the tree trunk, which will eventually decompose and remove the grass.","the grass.erbicides are not the answer. If you apply these plant-killing chemicals around your trees, the grass won't be the only thing to die. A simple organic gardening remedy called sheet composting will remove the grass. passage 3:1 The frilling method of killing tree trunks is best suited to tr",UNVERIFIED,SUPPORTED,0.4964,0.0009,0.0036,0.6386,0.7705,0.6386,1.0,
13077_c2,This method involves removing the grass layer by layer and allowing it to decompose in a sheet composting pile.,"the grass.erbicides are not the answer. If you apply these plant-killing chemicals around your trees, the grass won't be the only thing to die. A simple organic gardening remedy called sheet composting will remove the grass. passage 3:1 The frilling method of killing tree trunks is best suited to tr",UNVERIFIED,SUPPORTED,0.437,0.001,0.0166,0.5877,0.6444,0.5877,1.0,
13077_c5,"Therefore, I cannot provide a definitive answer to this question based on the given passages.","Question: how did different groups understand or experience the four freedoms differently

passage 1:Sometimes we fail to hear or heed these voices of freedom because to us the privilege of our freedom is such an old, old story. —Franklin Delano Roosevelt, in his Third Inaugural Address, January 20,",SUPPORTED,CONTRADICTED,0.4219,0.0016,0.1992,0.6227,0.638,0.6227,0.8,
13078_c3,"Additionally, passage 3 suggests that for larger trees, cutting down the trunk and using a chemical or mechanical method may be necessary.","Question: best way to kill grass round tree trunks passage 1:Trying to mow grass under a tree can be a challenge. You have to dodge low branches and avoid visible roots because the mower blade can carve into them and damage the tree, and the mower as well. The same is true of a string trimmer -- tou",SUPPORTED,UNVERIFIED,0.4406,0.1987,0.2001,0.6304,0.6491,0.6304,0.6,
13079_c1,Unable to answer based on given passages.,"Question: how did different groups understand or experience the four freedoms differently

passage 1:Sometimes we fail to hear or heed these voices of freedom because to us the privilege of our freedom is such an old, old story. —Franklin Delano Roosevelt, in his Third Inaugural Address, January 20,",SUPPORTED,CONTRADICTED,0.3895,0.0003,0.1492,0.661,0.681,0.661,0.8,
1482_c5,"Prices are predicted to rise again this year due to inflation, with fresh fruit prices expected to rise between 2.5% - 3.5%, and vegetables by 2% - 3%.","Though fruits and vegetable prices fell in February, overall prices are expected to rise this year, because of inflation, U.S. Department of Agriculture economist Annemarie Kuhns said. Fresh fruit prices are projected to rise between 2.5% and 3.5%, and vegetables between 2% and 3%, close to historic",UNVERIFIED,SUPPORTED,0.471,0.0004,0.0002,0.6669,0.7646,0.6669,1.0,
1482_c7,"The drought is causing issues for ranchers in Texas and Oklahoma, leading to a 12.1% increase in the price of beef and veal last year.","be."" The reality is there's a major drought throughout the West and Southwest. While not as bad as California, Texas and Oklahoma are also seeing extreme and exceptional drought -- the two worst categories -- in several parts of their states, the U.S. Drought Monitor said this week. Overall, the Wes",UNVERIFIED,SUPPORTED,0.5629,0.0006,0.0031,0.6837,0.8057,0.6837,1.0,
1483_c3,"The drought has led to a decrease in water consumption, prompting Governor Jerry Brown to announce a mandatory 25% cutback in water usage in all cities.","sunshine. So the next time you take a holiday in California, you'll find a few changes around here, thanks to the drought. Like asking for a glass of water at a restaurant. You won't find water waiting for you on the table. Eateries now ""can only serve water to customers on request,"" the State Water",CONTRADICTED,SUPPORTED,0.5253,0.0004,0.0007,0.5881,0.6451,0.5881,1.0,
1483_c10,"In 2014, consumers paid an extra 12.1% for beef and veal, and prices are expected to rise by 6% this year.","be."" The reality is there's a major drought throughout the West and Southwest. While not as bad as California, Texas and Oklahoma are also seeing extreme and exceptional drought -- the two worst categories -- in several parts of their states, the U.S. Drought Monitor said this week. Overall, the Wes",UNVERIFIED,SUPPORTED,0.4523,0.0006,0.0003,0.6066,0.6385,0.6066,1.0,
1483_c12,"Restaurants can only serve water to customers on request, hotels are required to ask guests about their linen and towel preferences, and decorative fountains are being shut down.","sunshine. So the next time you take a holiday in California, you'll find a few changes around here, thanks to the drought. Like asking for a glass of water at a restaurant. You won't find water waiting for you on the table. Eateries now ""can only serve water to customers on request,"" the State Water",UNVERIFIED,SUPPORTED,0.4138,0.0009,0.0122,0.6002,0.6791,0.6002,1.0,
1483_c13,"Ski resorts have also been affected, with some shutting down early and others diversifying their offerings to attract tourists.","sunshine. So the next time you take a holiday in California, you'll find a few changes around here, thanks to the drought. Like asking for a glass of water at a restaurant. You won't find water waiting for you on the table. Eateries now ""can only serve water to customers on request,"" the State Water",SUPPORTED,UNVERIFIED,0.3757,0.0001,0.1999,0.5821,0.628,0.5821,0.8,
1484_c2,"The drought, which started four years ago and was declared a national disaster by President Obama earlier this year, is having ripple effects across the United States.","be."" The reality is there's a major drought throughout the West and Southwest. While not as bad as California, Texas and Oklahoma are also seeing extreme and exceptional drought -- the two worst categories -- in several parts of their states, the U.S. Drought Monitor said this week. Overall, the Wes",UNVERIFIED,SUPPORTED,0.4627,0.0006,0.0002,0.6455,0.6965,0.6455,1.0,
1484_c5,"According to Timothy Richards, an agribusiness professor at Arizona State University, prices for berries, broccoli, grapes, melons, packaged salad, and peppers all increased last year.","Los Angeles (CNN)It's more than just one state's internal problem. The historic California drought hurts the rest of the union, too. That's because California is a breadbasket to the nation, growing more than a third of its vegetables and nearly two-thirds of its fruits and nuts. Here's why we shoul",UNVERIFIED,SUPPORTED,0.4502,0.0007,0.0174,0.6594,0.7252,0.6594,1.0,
1484_c6,The USDA's Annemarie Kuhns predicts that fruit and vegetable prices will increase this year by around 2.5% to 3.5%.,"Though fruits and vegetable prices fell in February, overall prices are expected to rise this year, because of inflation, U.S. Department of Agriculture economist Annemarie Kuhns said. Fresh fruit prices are projected to rise between 2.5% and 3.5%, and vegetables between 2% and 3%, close to historic",UNVERIFIED,SUPPORTED,0.4772,0.0004,0.0002,0.6683,0.7718,0.6683,1.0,
1484_c10,"The USDA reported that ranchers in these states saw smaller grazing pastures, paid more for feed, and had difficulties accessing water to cool their cattle in 2014.","be."" The reality is there's a major drought throughout the West and Southwest. While not as bad as California, Texas and Oklahoma are also seeing extreme and exceptional drought -- the two worst categories -- in several parts of their states, the U.S. Drought Monitor said this week. Overall, the Wes",UNVERIFIED,SUPPORTED,0.4847,0.0003,0.0004,0.6191,0.7148,0.6191,1.0,
1484_c11,This led to a whopping 12.1% increase in beef and veal prices.,"be."" The reality is there's a major drought throughout the West and Southwest. While not as bad as California, Texas and Oklahoma are also seeing extreme and exceptional drought -- the two worst categories -- in several parts of their states, the U.S. Drought Monitor said this week. Overall, the Wes",UNVERIFIED,SUPPORTED,0.4259,0.001,0.0002,0.5838,0.628,0.5838,1.0,
1485_c4,"Economists predict that these prices will continue to rise this year, with fresh fruit prices expected to increase by 2.5-3.5% and vegetable prices by 2-3%.","Though fruits and vegetable prices fell in February, overall prices are expected to rise this year, because of inflation, U.S. Department of Agriculture economist Annemarie Kuhns said. Fresh fruit prices are projected to rise between 2.5% and 3.5%, and vegetables between 2% and 3%, close to historic",UNVERIFIED,SUPPORTED,0.4679,0.0004,0.0002,0.6453,0.7494,0.6453,1.0,
1486_c4,"Although prices have fallen recently, the USDA predicts that prices for fresh fruit and vegetables will continue to rise this year.","Though fruits and vegetable prices fell in February, overall prices are expected to rise this year, because of inflation, U.S. Department of Agriculture economist Annemarie Kuhns said. Fresh fruit prices are projected to rise between 2.5% and 3.5%, and vegetables between 2% and 3%, close to historic",UNVERIFIED,SUPPORTED,0.4543,0.0006,0.1529,0.658,0.7618,0.658,0.8,
1487_c3,Jerry Brown this week.,"Town Manager John Shaw, Ferguson's most powerful official and, until the DOJ's blistering report, the one who inexplicably managed to elude public scrutiny, resigned weeks ago and has been replaced by the city's deputy manager. Three sitting city council members chose not to run for office again and",SUPPORTED,CONTRADICTED,0.4521,0.0007,0.2052,0.6036,0.619,0.6036,0.8,
1487_c5,"Fresh fruit and vegetable prices are projected to rise by 2.5-3.5% and 2-3%, respectively, this year, close to historical average increases.","Though fruits and vegetable prices fell in February, overall prices are expected to rise this year, because of inflation, U.S. Department of Agriculture economist Annemarie Kuhns said. Fresh fruit prices are projected to rise between 2.5% and 3.5%, and vegetables between 2% and 3%, close to historic",UNVERIFIED,SUPPORTED,0.431,0.0004,0.198,0.6509,0.7332,0.6509,0.8,
1487_c9,"Beef prices have risen significantly, up 12.1% in 2014, due to smaller grazing pastures, higher feed costs, and water shortages for cooling cattle.","be."" The reality is there's a major drought throughout the West and Southwest. While not as bad as California, Texas and Oklahoma are also seeing extreme and exceptional drought -- the two worst categories -- in several parts of their states, the U.S. Drought Monitor said this week. Overall, the Wes",UNVERIFIED,SUPPORTED,0.4723,0.0004,0.0002,0.5961,0.6737,0.5961,1.0,
1487_c12,"The State Water Board Chair warns that if the drought continues, the consequences could be catastrophic.","year in the world's poorest regions. Rising temperatures and more variable rainfall patters are expected to reduce crop yields, further compromising food security. Floods are increasing in frequency and intensity, creating breeding grounds for disease-carrying insects. Mosquito-borne diseases, like ",UNVERIFIED,SUPPORTED,0.4353,0.0002,0.0003,0.5666,0.5819,0.5666,1.0,
5190_c5,Texas Governor Greg Abbott and Texas Land Commissioner Dr. Dawn Buckingham have also claimed two smaller islands on the Rio Grande as state property.,"but at least one joint DPS/Texas Military/Border Patrol operation did result in arrests in June. But today, the State of Texas moved in with force to reclaim control of the island from the cartels: According to a post by Governor Greg Abbott on x.com (Twitter) one of the first things the state did w",UNVERIFIED,SUPPORTED,0.4452,0.0019,0.0002,0.6298,0.6939,0.6298,1.0,
5194_c4,"The operation follows recent incidents of cartel violence in the region, including the shooting of Texans by mistake.","but at least one joint DPS/Texas Military/Border Patrol operation did result in arrests in June. But today, the State of Texas moved in with force to reclaim control of the island from the cartels: According to a post by Governor Greg Abbott on x.com (Twitter) one of the first things the state did w",UNVERIFIED,SUPPORTED,0.4252,0.0007,0.0002,0.6345,0.6636,0.6345,1.0,
5195_c3,"The island, covered in heavy vegetation, was a perfect hiding spot for smugglers.","Texas DPS Seizes Cartel Island Refuge on Rio Grande The Texas Department of Public Safety (DPS) has been flexing its muscle on the Rio Grande ever since the ""Operation Lone Star"" border security mission began. Now they are taking over an island in the middle of the river that's been a hotbed of smug",SUPPORTED,CONTRADICTED,0.3939,0.0003,0.2344,0.5763,0.5952,0.5763,0.8,
5195_c6,The move is part of a larger effort to combat illegal immigration and drug smuggling.,"combined with several bales of cocaine that have washed ashore along the Padre Island National Seashore in recent days that's more than $5,735,000 worth of drugs Federal Agents have seized in Texas! Do law officers have enough resources to deal with drug smugglers along the Texas Border? Share your ",SUPPORTED,UNVERIFIED,0.3693,0.0011,0.0003,0.678,0.6822,0.678,1.0,
17618_c2,"Then, follow steps 3 and 4 from passage 3 to apply paint and primer, followed by one or two additional coats as needed.","in the direction of the grain. passage 3:Step 1 - Prep Your Cabinets. Before applying your paint and primer, you will need to remove any dust, dirt or debris from your thermofoil cabinets. Begin this step by using a lightly dampened washcloth or paper towel to thoroughly wipe down the cabinets and r",UNVERIFIED,SUPPORTED,0.4226,0.0031,0.0062,0.6496,0.6685,0.6496,1.0,
17618_c3,"Finally, finish off by adding a coat of polyurethane varnish.",Question: how to get antique effect on wood using normal paint passage 1:Visit: http://www.facebook.com/beachbumlivin for up close pictures!! Layering stain for a cool effect! How to paint furniture then distress it to give your furniture that antique finish. Refinishing and painting furniture tips ,SUPPORTED,UNVERIFIED,0.3915,0.0057,0.006,0.58,0.5972,0.58,1.0,
17619_c1,"Based on the provided passages, here is how to paint cabinets after removing thermoplastic:

Passage 1 provides a general guide on how to paint melamine, wood, thermoplastic, or any type of kitchen or bathroom cabinets using the proper products and techniques.","Question: how to paint cabinets after removing thermoplastic passage 1:How to paint melamine, wood, thermoplastic or any type of kitchen or bathroom cabinets using the proper products and technics.Step by step video. For more information on painting, remodelling the kitchen, the bathroom or any othe",CONTRADICTED,SUPPORTED,0.5289,0.0051,0.0043,0.7303,0.8957,0.7303,1.0,
17619_c3,"Sanding or scraping to remove old paint layers
2.","Question: how to remove rust from old tools passage 1:By: Joe Truini. To remove rust from tools, combine salt and lemon juice in a container, then rub the solution on using steel wool or a scourging pad. The salt acts as an abrasive while the acid in the lemon juice cuts through the corrosion. For h",CONTRADICTED,SUPPORTED,0.3844,0.0006,0.0207,0.6533,0.674,0.6533,1.0,
17619_c4,"Cleaning the cabinets with a lightly dampened washcloth or paper towel
3.","in the direction of the grain. passage 3:Step 1 - Prep Your Cabinets. Before applying your paint and primer, you will need to remove any dust, dirt or debris from your thermofoil cabinets. Begin this step by using a lightly dampened washcloth or paper towel to thoroughly wipe down the cabinets and r",CONTRADICTED,SUPPORTED,0.4425,0.0053,0.0034,0.617,0.6832,0.617,1.0,
17619_c5,"Applying a coat of primer
4.","in the direction of the grain. passage 3:Step 1 - Prep Your Cabinets. Before applying your paint and primer, you will need to remove any dust, dirt or debris from your thermofoil cabinets. Begin this step by using a lightly dampened washcloth or paper towel to thoroughly wipe down the cabinets and r",CONTRADICTED,SUPPORTED,0.3985,0.0005,0.0048,0.6575,0.6922,0.6575,1.0,
17619_c6,"Allowing the primer to dry
5.","in the direction of the grain. passage 3:Step 1 - Prep Your Cabinets. Before applying your paint and primer, you will need to remove any dust, dirt or debris from your thermofoil cabinets. Begin this step by using a lightly dampened washcloth or paper towel to thoroughly wipe down the cabinets and r",CONTRADICTED,UNVERIFIED,0.3898,0.0005,0.0028,0.6292,0.6579,0.6292,1.0,
17619_c8,"Allowing each coat to dry before applying the next one
7.","in the direction of the grain. passage 3:Step 1 - Prep Your Cabinets. Before applying your paint and primer, you will need to remove any dust, dirt or debris from your thermofoil cabinets. Begin this step by using a lightly dampened washcloth or paper towel to thoroughly wipe down the cabinets and r",CONTRADICTED,UNVERIFIED,0.4381,0.2572,0.0586,0.6048,0.6343,0.6048,0.8,
17619_c9,"Applying a final coat of polyurethane varnish
8.",Question: how to get antique effect on wood using normal paint passage 1:Visit: http://www.facebook.com/beachbumlivin for up close pictures!! Layering stain for a cool effect! How to paint furniture then distress it to give your furniture that antique finish. Refinishing and painting furniture tips ,CONTRADICTED,UNVERIFIED,0.3902,0.0012,0.0126,0.6195,0.6422,0.6195,1.0,
17619_c10,"Removing painter's tape

Passage 2 mentions that sanding takes a lot of effort but is a better option if you only have a few cabinets to strip.","Question: how to paint cabinets after removing thermoplastic passage 1:How to paint melamine, wood, thermoplastic or any type of kitchen or bathroom cabinets using the proper products and technics.Step by step video. For more information on painting, remodelling the kitchen, the bathroom or any othe",CONTRADICTED,SUPPORTED,0.4336,0.0166,0.0057,0.6384,0.6838,0.6384,1.0,
17620_c4,Sand in the direction of the grain.,"Question: how to fill pitted metal passage 1:1. Wrap a sheet of 80-grit sandpaper around a sanding block and sand the pitted area aggressively. You can use a power sander instead of sanding by hand, but it might remove too much material and weaken the metal. If the metal item is very heavy, you can ",SUPPORTED,CONTRADICTED,0.5025,0.0002,0.2318,0.5884,0.5944,0.5884,0.8,
17620_c5,Apply primer: Use a high-quality primer specifically designed for cabinets to ensure a smooth finish.,"in the direction of the grain. passage 3:Step 1 - Prep Your Cabinets. Before applying your paint and primer, you will need to remove any dust, dirt or debris from your thermofoil cabinets. Begin this step by using a lightly dampened washcloth or paper towel to thoroughly wipe down the cabinets and r",UNVERIFIED,SUPPORTED,0.4542,0.003,0.0168,0.6957,0.7573,0.6957,1.0,
17620_c6,Apply the primer according to the manufacturer's instructions.,"in the direction of the grain. passage 3:Step 1 - Prep Your Cabinets. Before applying your paint and primer, you will need to remove any dust, dirt or debris from your thermofoil cabinets. Begin this step by using a lightly dampened washcloth or paper towel to thoroughly wipe down the cabinets and r",UNVERIFIED,SUPPORTED,0.4308,0.0068,0.0059,0.6344,0.6662,0.6344,1.0,
17620_c7,Apply paint: Choose a paint color that complements the style of your cabinets and apply it using a roller or brush.,"Question: how to paint cabinets after removing thermoplastic passage 1:How to paint melamine, wood, thermoplastic or any type of kitchen or bathroom cabinets using the proper products and technics.Step by step video. For more information on painting, remodelling the kitchen, the bathroom or any othe",UNVERIFIED,SUPPORTED,0.4435,0.0036,0.0135,0.6949,0.742,0.6949,1.0,
17620_c10,"Remove painter's tape: Once the varnish has dried, you may remove the painter's tape to reveal a crisp, clean edge around the trim and hardware.","in the direction of the grain. passage 3:Step 1 - Prep Your Cabinets. Before applying your paint and primer, you will need to remove any dust, dirt or debris from your thermofoil cabinets. Begin this step by using a lightly dampened washcloth or paper towel to thoroughly wipe down the cabinets and r",UNVERIFIED,SUPPORTED,0.4353,0.0143,0.006,0.6473,0.6861,0.6473,1.0,
17621_c4,Sand in the direction of the grain.,"Question: how to fill pitted metal passage 1:1. Wrap a sheet of 80-grit sandpaper around a sanding block and sand the pitted area aggressively. You can use a power sander instead of sanding by hand, but it might remove too much material and weaken the metal. If the metal item is very heavy, you can ",SUPPORTED,CONTRADICTED,0.5025,0.0002,0.2318,0.5884,0.5944,0.5884,0.8,
17621_c6,Allow the primer to dry completely.,"in the direction of the grain. passage 3:Step 1 - Prep Your Cabinets. Before applying your paint and primer, you will need to remove any dust, dirt or debris from your thermofoil cabinets. Begin this step by using a lightly dampened washcloth or paper towel to thoroughly wipe down the cabinets and r",SUPPORTED,UNVERIFIED,0.4608,0.1995,0.0037,0.6242,0.6785,0.6242,0.8,
17621_c7,"Paint the cabinets: Apply a coat of paint to the cabinets, using a roller or brush.","Question: how to paint cabinets after removing thermoplastic passage 1:How to paint melamine, wood, thermoplastic or any type of kitchen or bathroom cabinets using the proper products and technics.Step by step video. For more information on painting, remodelling the kitchen, the bathroom or any othe",UNVERIFIED,SUPPORTED,0.4726,0.0036,0.0099,0.7117,0.7769,0.7117,1.0,
17621_c8,"Work in sections, painting one section at a time and allowing each section to dry before moving on to the next.","in the direction of the grain. passage 3:Step 1 - Prep Your Cabinets. Before applying your paint and primer, you will need to remove any dust, dirt or debris from your thermofoil cabinets. Begin this step by using a lightly dampened washcloth or paper towel to thoroughly wipe down the cabinets and r",UNVERIFIED,SUPPORTED,0.4132,0.0033,0.0092,0.6022,0.6229,0.6022,1.0,
17621_c9,Apply multiple coats as needed.,"coat of paint and wait 20 minutes for it to dry. Apply a second coat of paint and wait 20 minutes for it to dry. passage 3:Whether you want to make your golf cart stand out or you just want to refresh an old paint job, it is important to get the right kind of golf cart paint for the outcome you desi",UNVERIFIED,CONTRADICTED,0.4412,0.0138,0.0345,0.6273,0.638,0.6273,1.0,
17621_c10,"Seal the surface: Once the final coat of paint has dried, apply a coat of polyurethane varnish to protect the surface and give it a glossy finish.","embossed design with the remaining molding paste mixture. - Spread a layer of blue paint and dry this. - 2 Use a palette knife to spread on acrylic gel medium thinly, and let this dry also. - 3 Paint a thin layer with burnt seanna or an approximate color. 4 Dab this with a paper towel or cloth to re",UNVERIFIED,SUPPORTED,0.3866,0.0006,0.0034,0.6604,0.675,0.6604,1.0,
17621_c11,"Remove tape: After the varnish has dried, remove the painter's tape to reveal crisp, clean edges.","in the direction of the grain. passage 3:Step 1 - Prep Your Cabinets. Before applying your paint and primer, you will need to remove any dust, dirt or debris from your thermofoil cabinets. Begin this step by using a lightly dampened washcloth or paper towel to thoroughly wipe down the cabinets and r",UNVERIFIED,SUPPORTED,0.4311,0.0045,0.0062,0.6317,0.6745,0.6317,1.0,
3156_c4,"But I can't wait to get back to her and maybe let her try on the jacket"".","grabbing them to dry her hands, just out of habit. It also took a while to feel comfortable with the funny stares she would get after politely asking food vendors to put her sandwiches and salads into her metal tin instead of paper and plastic containers. But she stayed strong and a year later she i",SUPPORTED,CONTRADICTED,0.5405,0.0001,0.195,0.4828,0.4911,0.4828,0.8,
3158_c4,He expressed his desire to share the experience with her and let her try on the green jacket.,"grabbing them to dry her hands, just out of habit. It also took a while to feel comfortable with the funny stares she would get after politely asking food vendors to put her sandwiches and salads into her metal tin instead of paper and plastic containers. But she stayed strong and a year later she i",SUPPORTED,CONTRADICTED,0.4949,0.0003,0.2102,0.5688,0.5843,0.5688,0.8,
3158_c10,"Spieth's determination and focus have been instrumental in his success, and he credits his grandmother with teaching him how to play golf.","has she shaped my upbringing? Well, she's the most special part of our family. She's the funniest part of our family,"" he said. ""I love having her around. She's an incredible sister, my biggest supporter. She is somebody who you can watch and then reflect on the big picture of life and understand th",UNVERIFIED,SUPPORTED,0.4973,0.0008,0.0005,0.6589,0.7401,0.6589,1.0,
3159_c4,"At just 14, Spieth had already set his sights on winning the Masters one day, and he proved it by dominating the competition with 26 birdies, including 27 holes.","of the history of Augusta National and the Masters was something I watched slip away last year,"" said Spieth, who described the reality of winning as ""even better"" than his dreams. ""I had a chip on my shoulder (about that). I carried some momentum into this week and it all came together, right at th",CONTRADICTED,SUPPORTED,0.4526,0.0013,0.0008,0.6586,0.6898,0.6586,1.0,
3160_c4,He expressed his desire to bring her back a present and reflect on the big picture of life.,"grabbing them to dry her hands, just out of habit. It also took a while to feel comfortable with the funny stares she would get after politely asking food vendors to put her sandwiches and salads into her metal tin instead of paper and plastic containers. But she stayed strong and a year later she i",SUPPORTED,CONTRADICTED,0.5271,0.0003,0.4078,0.5894,0.5933,0.5894,0.6,
3161_c3,"He credits his autistic sister, Ellie, as his biggest supporter and inspiration, saying that she helps him keep things in perspective and reminds him of the importance of family.","Ellie's favorite singer. Trey also got the OK from Ellie's parents the night before via text. They were thrilled. ""You just feel numb to those moments raising a special needs child,"" said Darla Meredith, Ellie's mom. ""You first feel the need to protect and then to overprotect."" Darla Meredith said E",SUPPORTED,CONTRADICTED,0.4109,0.0029,0.0115,0.5979,0.6171,0.5979,1.0,
3161_c4,"Spieth's victory comes after a string of successful performances at a young age, including becoming the youngest player to win a PGA Tour event at 19.","He might have just won one of sport's most prestigious events, but it wasn't long before Jordan Spieth's thoughts turned to his autistic sister in the glow of victory. The 21-year-old golfer equaled Tiger Woods' 1997 record winning score of 18 under par to realize his childhood ambitions of donning ",UNVERIFIED,SUPPORTED,0.4818,0.0006,0.0045,0.6991,0.7337,0.6991,1.0,
11130_c2,"They specialize in Thai cuisine, with a business star rating of 3.5.","in the future.""}, {""review_stars"": 5.0, ""review_date"": ""2022-01-04 03:55:04"", ""review_text"": ""This is one of my go to favorite Thai restaurants in SB at the moment. The only items I have ordered are the eggplant salad and the drunken noodles, both amazing! \n\nThe eggplant salad is very large and a ",SUPPORTED,UNVERIFIED,0.4,0.1765,0.022,0.6783,0.6871,0.6783,0.8,
11130_c3,The restaurant operates every day of the week from 11:00 to 16:00.,"name: Marbella address: 1111 E Cabrillo Blvd city: Santa Barbara state: CA categories: Tapas/Small Plates, Restaurants, Breakfast & Brunch, Seafood, American (New) hours: {""Monday"": ""17:0-22:0"", ""Tuesday"": ""17:0-22:0"", ""Wednesday"": ""17:0-22:0"", ""Thursday"": ""17:0-22:0"", ""Friday"": ""17:0-22:0"", ""Saturd",SUPPORTED,CONTRADICTED,0.7722,0.3453,0.0896,0.65,0.6547,0.65,0.6,
11130_c4,"While the restaurant does not offer amenities such as Business Parking, Restaurant Reservations, Outdoor Seating, WiFi, or is particularly suitable for groups, it does provide a takeaway service.",also attached to the tea place next door and all the workers were more situated there. Thus it was a while and took effort to get a table at the restaurant side. Even tho there was only one other party there... \n\nWe came for the beef noodle soup and coffee. The soup Is the first picture on Yelp an,UNVERIFIED,CONTRADICTED,0.3749,0.0003,0.0022,0.6453,0.6599,0.6453,1.0,
11130_c7,"The restaurant is also praised for being one of the best to order from on DoorDash in Santa Barbara, offering good value for money and consistently appetizing food.","has a large variety of Italian goods and other hard to find goodies. \n\nThis place is a \""weekly\"" must if you live near by.""}, {""review_stars"": 5.0, ""review_date"": ""2021-10-22 03:02:27"", ""review_text"": ""Absolutely the best sandwiches in Santa Barbara and you can't beat the price they're regular sa",SUPPORTED,UNVERIFIED,0.3859,0.0004,0.0004,0.7308,0.7411,0.7308,1.0,
11131_c2,It is a Thai restaurant that operates from 11:00 AM to 4:00 PM every day of the week.,"name: Bangkok Palace
address: 2829 De La Vina St
city: Santa Barbara
state: CA
categories: Thai, Restaurants
hours: {""Monday"": ""11:0-21:0"", ""Tuesday"": ""11:0-21:0"", ""Wednesday"": ""11:0-21:0"", ""Thursday"": ""11:0-21:0"", ""Friday"": ""11:0-21:0"", ""Saturday"": ""17:0-21:0""}
attributes: {""BusinessParking"": {""gar",SUPPORTED,CONTRADICTED,0.6228,0.1931,0.1369,0.6805,0.6907,0.6805,0.6,
11131_c3,The restaurant has received an average rating of 3.5 stars from customers.,"see if they deserve and upgrade.""}, {""review_stars"": 4.0, ""review_date"": ""2014-03-02 15:38:33"", ""review_text"": ""This is a great spot for a drink and some dessert. The dinner menu is decent but the price and size do not match. Don't come hungry, but do enjoy a specialty drink.""}, {""review_stars"": 5.0",SUPPORTED,UNVERIFIED,0.3901,0.0002,0.2006,0.7849,0.7901,0.7849,0.8,
11131_c5,"The dish is made with fresh peas and carrots, and the chicken is cooked well.","opening the packet.Transfer chicken and vegetables to a plate and serve immediately.old the sides of the foil together over the chicken breast, crimping the edges together to create a tight seal. Crimp both ends together, as well. Place the foil packet on a baking sheet and place in the oven. passag",SUPPORTED,CONTRADICTED,0.4423,0.0086,0.3347,0.6261,0.6626,0.6261,0.6,
11131_c6,"The reviewer also mentions enjoying a bold and flavorful Thai Tea, which is priced at $4.50.","""review_text"": ""Arguably my favorite authentic Thai restaurant in Santa Barbara. I am a big fan of all of their soups and their Pad Thai as well. Fairly priced with ample portions that will not only make your stomach happy but also your wallet as well. I find Your Place being a Top5 choice whenever ",SUPPORTED,UNVERIFIED,0.4156,0.1708,0.0098,0.6601,0.6694,0.6601,0.8,
11131_c8,"It includes shrimp, chicken, and peanuts, making it a satisfying choice for non-vegetarian customers.","a sampler platter to get a little of everything. Food was delicious. Ribs had a good flavor, the pulled pork was sweet and smoky and the chicken leg was nicely sauced. The sides were very generous sized. The coleslaw had a nice flavor and slight crunch and wasn't too wet or too sweet. The pinto (?) ",SUPPORTED,CONTRADICTED,0.3796,0.001,0.3927,0.6337,0.663,0.6337,0.6,
11131_c10,Another customer review praises Thai Kitchen for its flavorful Thai food at an affordable price.,"""review_text"": ""Arguably my favorite authentic Thai restaurant in Santa Barbara. I am a big fan of all of their soups and their Pad Thai as well. Fairly priced with ample portions that will not only make your stomach happy but also your wallet as well. I find Your Place being a Top5 choice whenever ",SUPPORTED,UNVERIFIED,0.4145,0.1831,0.0039,0.7124,0.7424,0.7124,0.8,
11131_c12,The restaurant also offers a bold and flavorful Thai Tea.,"the spices that make up Thai Tea. \n\nThird, a really good pad thai! For $10.25 on doordash, you get a giant portion, that I personally cannot finish in one sitting. The noodles are moist and flavorful, which is an especially tough feat to pull off. There's shrimp, chicken, peanuts, and no bean spro",SUPPORTED,UNVERIFIED,0.427,0.1632,0.2096,0.6804,0.6933,0.6804,0.6,
11132_c3,The business operates from Monday to Sunday and serves food between 11 am to 4 pm.,"meal. Would not come again.""}, {""review_stars"": 5.0, ""review_date"": ""2021-09-10 01:53:26"", ""review_text"": ""New hours and the system as of Sept 5...now the restaurant is open for breakfast from 7am instead of 8. Also, you can place your order with a server if you're dining in (instead of lining up at",SUPPORTED,CONTRADICTED,0.7083,0.1343,0.2892,0.644,0.6495,0.644,0.6,
11132_c5,"The business has an average rating of 3.5 out of 5 stars, based on customer reviews.","drive by of how packed they are and people waiting to get in pretty good indicator.""}, {""review_stars"": 1.0, ""review_date"": ""2021-09-03 00:15:58"", ""review_text"": ""Extremely disappointed in recent take-out service. We have been customers since their opening. Recently have experienced them not answeri",SUPPORTED,UNVERIFIED,0.384,0.0007,0.3082,0.715,0.7189,0.715,0.6,
11132_c6,Most of the reviews praise the restaurant for its delicious food and affordable prices.,"see if they deserve and upgrade.""}, {""review_stars"": 4.0, ""review_date"": ""2014-03-02 15:38:33"", ""review_text"": ""This is a great spot for a drink and some dessert. The dinner menu is decent but the price and size do not match. Don't come hungry, but do enjoy a specialty drink.""}, {""review_stars"": 5.0",SUPPORTED,UNVERIFIED,0.3768,0.001,0.3085,0.7002,0.7093,0.7002,0.6,
11132_c7,"Customers particularly enjoy the green curry, Thai tea, and pad thai dishes.","the spices that make up Thai Tea. \n\nThird, a really good pad thai! For $10.25 on doordash, you get a giant portion, that I personally cannot finish in one sitting. The noodles are moist and flavorful, which is an especially tough feat to pull off. There's shrimp, chicken, peanuts, and no bean spro",SUPPORTED,UNVERIFIED,0.4206,0.1733,0.0114,0.6604,0.6737,0.6604,0.8,
11133_c2,The business has a rating of 3.5 stars and receives mostly positive reviews from customers.,"see if they deserve and upgrade.""}, {""review_stars"": 4.0, ""review_date"": ""2014-03-02 15:38:33"", ""review_text"": ""This is a great spot for a drink and some dessert. The dinner menu is decent but the price and size do not match. Don't come hungry, but do enjoy a specialty drink.""}, {""review_stars"": 5.0",SUPPORTED,UNVERIFIED,0.3717,0.0005,0.0464,0.6999,0.7105,0.6999,1.0,
11133_c4,"Some reviewers also mention the affordability of the menu items, with prices ranging from $4.50 to $10.25.","a sampler platter to get a little of everything. Food was delicious. Ribs had a good flavor, the pulled pork was sweet and smoky and the chicken leg was nicely sauced. The sides were very generous sized. The coleslaw had a nice flavor and slight crunch and wasn't too wet or too sweet. The pinto (?) ",SUPPORTED,UNVERIFIED,0.3784,0.0005,0.2029,0.6888,0.7067,0.6888,0.8,
11133_c5,"However, some customers have complained about the quality of the restaurant's curry dishes.","the counter was really friendly but the male employee (co-owner?) was definitely less so. We ordered at the counter and were given a number for our order. The food is a bit pricey, but my mum wanted Asian food so this is where we ended up. Since it was a nice day, we took a seat at a table on the pa",SUPPORTED,UNVERIFIED,0.3779,0.0011,0.0039,0.6964,0.7097,0.6964,1.0,
11133_c6,"The business offers outdoor seating and WiFi, but does not have parking or reservation options available.",also attached to the tea place next door and all the workers were more situated there. Thus it was a while and took effort to get a table at the restaurant side. Even tho there was only one other party there... \n\nWe came for the beef noodle soup and coffee. The soup Is the first picture on Yelp an,UNVERIFIED,CONTRADICTED,0.4571,0.0074,0.0667,0.618,0.6367,0.618,1.0,
11134_c1,"Here's an objective overview of Thai Kitchen based on the provided structured data:

Thai Kitchen is a highly rated Thai restaurant located in Santa Barbara, CA.","name: Thai Kitchen address: 4317 State St, Ste D city: Santa Barbara state: CA categories: Thai, Restaurants hours: {""Monday"": ""11:0-16:0"", ""Tuesday"": ""11:0-16:0"", ""Wednesday"": ""11:0-16:0"", ""Thursday"": ""11:0-16:0"", ""Friday"": ""11:0-16:0"", ""Saturday"": ""11:0-16:0"", ""Sunday"": ""11:0-16:0""} attributes: {""",UNVERIFIED,SUPPORTED,0.3941,0.1637,0.0085,0.7563,0.7728,0.7563,0.8,
11134_c2,"With an average rating of 4.5 stars out of 5 based on 3 reviews, it is clear that customers enjoy the food and service offered by this establishment.","see if they deserve and upgrade.""}, {""review_stars"": 4.0, ""review_date"": ""2014-03-02 15:38:33"", ""review_text"": ""This is a great spot for a drink and some dessert. The dinner menu is decent but the price and size do not match. Don't come hungry, but do enjoy a specialty drink.""}, {""review_stars"": 5.0",CONTRADICTED,UNVERIFIED,0.3841,0.001,0.0066,0.7533,0.7587,0.7533,1.0,
11134_c5,"The only drawback mentioned is the lackluster appearance of the curry dishes on the menu, but this does not seem to detract from the overall experience.","it shows. My only real negative feedback is that the food can SOMETIMES be a hit or miss. But hey, you're at a college and it's a place of learning. The fries really need to go however. Same fries given in the regular cafeteria, those are really not so good. But that's not their fault, that falls on",SUPPORTED,CONTRADICTED,0.3735,0.0005,0.0056,0.6338,0.6575,0.6338,1.0,
11134_c7,"Based on the reviews, Thai Kitchen appears to be a great option for those looking for delicious and authentic Thai cuisine in the Santa Barbara area.","""review_text"": ""Arguably my favorite authentic Thai restaurant in Santa Barbara. I am a big fan of all of their soups and their Pad Thai as well. Fairly priced with ample portions that will not only make your stomach happy but also your wallet as well. I find Your Place being a Top5 choice whenever ",SUPPORTED,UNVERIFIED,0.3968,0.1876,0.0003,0.7896,0.8219,0.7896,0.8,
11135_c1,"Thai Kitchen is a popular Thai restaurant located in Santa Barbara, CA.","name: Thai Kitchen address: 4317 State St, Ste D city: Santa Barbara state: CA categories: Thai, Restaurants hours: {""Monday"": ""11:0-16:0"", ""Tuesday"": ""11:0-16:0"", ""Wednesday"": ""11:0-16:0"", ""Thursday"": ""11:0-16:0"", ""Friday"": ""11:0-16:0"", ""Saturday"": ""11:0-16:0"", ""Sunday"": ""11:0-16:0""} attributes: {""",SUPPORTED,UNVERIFIED,0.4205,0.4535,0.0251,0.7387,0.7543,0.7387,0.6,
11135_c2,"According to customer reviews, the restaurant serves delicious and flavorful Thai cuisine at affordable prices.","""review_text"": ""Arguably my favorite authentic Thai restaurant in Santa Barbara. I am a big fan of all of their soups and their Pad Thai as well. Fairly priced with ample portions that will not only make your stomach happy but also your wallet as well. I find Your Place being a Top5 choice whenever ",SUPPORTED,UNVERIFIED,0.3833,0.0005,0.0109,0.7227,0.7324,0.7227,1.0,
11135_c4,"The restaurant is known for its generous portions, with many customers expressing satisfaction with the size of their meals.","polite. The portion sizes are huge and our food came out less than 10 minutes after ordering! We left with full tummies and with plenty of leftovers for later. The food was good quality but wasn't memorable/special besides its serving size but we still enjoyed the experience.""}, {""review_stars"": 4.0",SUPPORTED,UNVERIFIED,0.3603,0.0005,0.1639,0.6784,0.6987,0.6784,0.8,
11135_c6,"Additionally, the restaurant offers a convenient takeout service through DoorDash.",place has a decent feel and the food is really good. The staff was generally pretty decent save for the slovenly bartender who was a least 3 times drunker than any of the paying customers and the other bartender who ordered food off of my tab and proceeded to share it with the entire bar without my ,SUPPORTED,CONTRADICTED,0.3795,0.0011,0.0011,0.644,0.6536,0.644,1.0,
11135_c7,"Thai Kitchen has received positive reviews for its ambiance, with one reviewer commenting on the modern and clean decor.","""review_text"": ""Arguably my favorite authentic Thai restaurant in Santa Barbara. I am a big fan of all of their soups and their Pad Thai as well. Fairly priced with ample portions that will not only make your stomach happy but also your wallet as well. I find Your Place being a Top5 choice whenever ",UNVERIFIED,SUPPORTED,0.3733,0.0453,0.13,0.6858,0.6972,0.6858,0.8,
11135_c8,"However, some customers have noted that the restaurant's location can be difficult to find, suggesting that it may benefit from better signage.","thing they're in a tourist zone, because Petit Valentien can have a fresh supply of customers the waitress can abuse. As for this local, I'd recommend one of our other many fine dining establishments and give this one a wide berth, if service is important to you.\n\nTwo last comments: First, we noti",UNVERIFIED,CONTRADICTED,0.3899,0.0005,0.0021,0.6388,0.6438,0.6388,1.0,
16236_c1,Unable to answer based on given passages.,"Question: how did different groups understand or experience the four freedoms differently

passage 1:Sometimes we fail to hear or heed these voices of freedom because to us the privilege of our freedom is such an old, old story. —Franklin Delano Roosevelt, in his Third Inaugural Address, January 20,",SUPPORTED,CONTRADICTED,0.3895,0.0003,0.1492,0.661,0.681,0.661,0.8,
16237_c1,Unable to answer based on given passages.,"Question: how did different groups understand or experience the four freedoms differently

passage 1:Sometimes we fail to hear or heed these voices of freedom because to us the privilege of our freedom is such an old, old story. —Franklin Delano Roosevelt, in his Third Inaugural Address, January 20,",SUPPORTED,CONTRADICTED,0.3895,0.0003,0.1492,0.661,0.681,0.661,0.8,
16238_c1,Print marketing can help grow businesses by providing a tangible representation of a company's products or services.,"Question: how print marketing can help grow your business 2016

passage 1:The elements of a marketing funnel can seem like a lot to put together, but they're simple concepts when broken down. You'll see that numbers 3,4 and 5 help to break down and explain the different aspects of having a marketing",SUPPORTED,UNVERIFIED,0.464,0.1935,0.0023,0.6045,0.6934,0.6045,0.8,
16238_c2,"It allows customers to physically hold and touch a product before making a purchase, which can lead to increased sales and customer loyalty.","Question: what is company goodwill and why important

passage 1:There are many reasons why goodwill is important in business.  Goodwill will increase your customer base and retain old clients,  attract investors and attract future buyers….

passage 2:There are many reasons why goodwill is important ",SUPPORTED,UNVERIFIED,0.4691,0.2044,0.0012,0.604,0.6572,0.604,0.8,
16238_c3,"Additionally, print marketing can be targeted to specific audiences through various methods such as direct mail, flyers, and brochures, allowing businesses to reach potential customers who are more likely to be interested in their offerings.","Question: how print marketing can help grow your business 2016

passage 1:The elements of a marketing funnel can seem like a lot to put together, but they're simple concepts when broken down. You'll see that numbers 3,4 and 5 help to break down and explain the different aspects of having a marketing",UNVERIFIED,SUPPORTED,0.4097,0.0009,0.0014,0.5911,0.666,0.5911,1.0,
16239_c1,"Based on the provided passages, here are some ways print marketing can help grow a business in 2016:

1.","Question: how print marketing can help grow your business 2016

passage 1:The elements of a marketing funnel can seem like a lot to put together, but they're simple concepts when broken down. You'll see that numbers 3,4 and 5 help to break down and explain the different aspects of having a marketing",SUPPORTED,UNVERIFIED,0.4468,0.1859,0.0023,0.6157,0.7708,0.6157,0.8,
16239_c2,"Creating a marketing funnel: Passage 1 highlights the importance of having a well-defined marketing funnel in place, which can help businesses attract, engage, and convert leads into customers.","Question: how print marketing can help grow your business 2016

passage 1:The elements of a marketing funnel can seem like a lot to put together, but they're simple concepts when broken down. You'll see that numbers 3,4 and 5 help to break down and explain the different aspects of having a marketing",SUPPORTED,UNVERIFIED,0.434,0.1943,0.002,0.6728,0.7262,0.6728,0.8,
16239_c3,"By breaking down the elements of a marketing funnel, businesses can better understand their target audience and create effective marketing strategies.","Question: how print marketing can help grow your business 2016

passage 1:The elements of a marketing funnel can seem like a lot to put together, but they're simple concepts when broken down. You'll see that numbers 3,4 and 5 help to break down and explain the different aspects of having a marketing",SUPPORTED,UNVERIFIED,0.472,0.1946,0.0017,0.5986,0.6554,0.5986,0.8,
16239_c4,"Providing world-class tools and resources: Passage 2 mentions the ProfitAccelerator Hub, which offers fast and easy access to industry-leading resources to help digital printing businesses grow.","Question: how print marketing can help grow your business 2016

passage 1:The elements of a marketing funnel can seem like a lot to put together, but they're simple concepts when broken down. You'll see that numbers 3,4 and 5 help to break down and explain the different aspects of having a marketing",SUPPORTED,UNVERIFIED,0.4538,0.1898,0.0016,0.6081,0.7262,0.6081,0.8,
16239_c5,This highlights the potential benefits of utilizing print marketing solutions that provide valuable tools and resources to support business growth.,"Question: how print marketing can help grow your business 2016

passage 1:The elements of a marketing funnel can seem like a lot to put together, but they're simple concepts when broken down. You'll see that numbers 3,4 and 5 help to break down and explain the different aspects of having a marketing",SUPPORTED,UNVERIFIED,0.4696,0.1939,0.0016,0.5856,0.681,0.5856,0.8,
16239_c7,"These strategies include setting goals, creating a website, using social media, email marketing, and content marketing.","Question: how print marketing can help grow your business 2016

passage 1:The elements of a marketing funnel can seem like a lot to put together, but they're simple concepts when broken down. You'll see that numbers 3,4 and 5 help to break down and explain the different aspects of having a marketing",SUPPORTED,UNVERIFIED,0.3511,0.002,0.1914,0.585,0.6147,0.585,0.8,
16239_c8,Print marketing can complement these strategies by providing tangible materials that reinforce the business's online presence and messaging.,"Question: how print marketing can help grow your business 2016

passage 1:The elements of a marketing funnel can seem like a lot to put together, but they're simple concepts when broken down. You'll see that numbers 3,4 and 5 help to break down and explain the different aspects of having a marketing",SUPPORTED,UNVERIFIED,0.4789,0.1946,0.0021,0.5524,0.6373,0.5524,0.8,
16240_c1,"Based on the provided passages, here is how print marketing can help grow your business in 2016:

1.","Question: how print marketing can help grow your business 2016

passage 1:The elements of a marketing funnel can seem like a lot to put together, but they're simple concepts when broken down. You'll see that numbers 3,4 and 5 help to break down and explain the different aspects of having a marketing",SUPPORTED,UNVERIFIED,0.4442,0.1832,0.0026,0.6154,0.7755,0.6154,0.8,
16240_c2,"Set clear goals: According to passage 3, setting a goal is the first step to achieving success in digital marketing.","Question: everything about how to set goals

passage 1:Setting Achievable Goals. 1  1. Determine your life goals. Ask yourself some important questions about what you want for your life. 2  2. Break the big picture down into smaller and more specific goals. Consider areas of your life that you eithe",SUPPORTED,UNVERIFIED,0.4172,0.1706,0.1962,0.6565,0.73,0.6565,0.6,
16240_c3,"By setting specific, measurable, achievable, relevant, and time-bound (SMART) goals, you can focus your efforts and track your progress.","Question: everything about how to set goals

passage 1:Setting Achievable Goals. 1  1. Determine your life goals. Ask yourself some important questions about what you want for your life. 2  2. Break the big picture down into smaller and more specific goals. Consider areas of your life that you eithe",UNVERIFIED,CONTRADICTED,0.3939,0.004,0.1808,0.5686,0.6411,0.5686,0.8,
16240_c4,Leverage the ProfitAccelerator Hub: Passage 2 mentions the ProfitAccelerator Hub as a resource available to help digital printing businesses grow.,"Question: how print marketing can help grow your business 2016

passage 1:The elements of a marketing funnel can seem like a lot to put together, but they're simple concepts when broken down. You'll see that numbers 3,4 and 5 help to break down and explain the different aspects of having a marketing",SUPPORTED,UNVERIFIED,0.4357,0.2018,0.0109,0.6315,0.756,0.6315,0.8,
16240_c5,This hub provides world-class tools and industry-leading resources to help businesses succeed.,"Question: how print marketing can help grow your business 2016

passage 1:The elements of a marketing funnel can seem like a lot to put together, but they're simple concepts when broken down. You'll see that numbers 3,4 and 5 help to break down and explain the different aspects of having a marketing",SUPPORTED,UNVERIFIED,0.4711,0.1939,0.0009,0.507,0.5356,0.507,0.8,
16240_c7,"These strategies include setting a goal, optimizing your website for search engines, using social media, creating engaging content, and measuring and analyzing results.","Question: marketing strategy vs positioning strategy

passage 1:Positioning and differentiation are very closely related marketing strategies. Positioning is your strategy for conveying what makes your company or products bigger, different or better than those offered by competitors.

passage 2:Your",UNVERIFIED,CONTRADICTED,0.3867,0.0016,0.1924,0.56,0.5858,0.56,0.8,
16240_c9,"By breaking down the funnel into three main stages (awareness, consideration, and conversion), businesses can better understand their customers' journey and tailor their marketing efforts accordingly.","Question: how print marketing can help grow your business 2016

passage 1:The elements of a marketing funnel can seem like a lot to put together, but they're simple concepts when broken down. You'll see that numbers 3,4 and 5 help to break down and explain the different aspects of having a marketing",SUPPORTED,UNVERIFIED,0.4551,0.2524,0.0019,0.6035,0.6251,0.6035,0.8,
16240_c10,"Utilize print marketing: While the passages do not explicitly mention print marketing, it can still play an important role in a comprehensive marketing strategy.","Question: how print marketing can help grow your business 2016

passage 1:The elements of a marketing funnel can seem like a lot to put together, but they're simple concepts when broken down. You'll see that numbers 3,4 and 5 help to break down and explain the different aspects of having a marketing",SUPPORTED,UNVERIFIED,0.4561,0.191,0.0027,0.6299,0.6899,0.6299,0.8,
16240_c12,"By integrating print marketing with digital marketing efforts, businesses can create a cohesive and effective marketing strategy.","Question: how print marketing can help grow your business 2016

passage 1:The elements of a marketing funnel can seem like a lot to put together, but they're simple concepts when broken down. You'll see that numbers 3,4 and 5 help to break down and explain the different aspects of having a marketing",SUPPORTED,UNVERIFIED,0.4751,0.1945,0.0019,0.5741,0.6566,0.5741,0.8,
16241_c1,Unable to answer based on given passages.,"Question: how did different groups understand or experience the four freedoms differently

passage 1:Sometimes we fail to hear or heed these voices of freedom because to us the privilege of our freedom is such an old, old story. —Franklin Delano Roosevelt, in his Third Inaugural Address, January 20,",SUPPORTED,CONTRADICTED,0.3895,0.0003,0.1492,0.661,0.681,0.661,0.8,
16241_c2,The provided passages do not contain information related to print marketing or its role in growing a business.,"Question: how print marketing can help grow your business 2016

passage 1:The elements of a marketing funnel can seem like a lot to put together, but they're simple concepts when broken down. You'll see that numbers 3,4 and 5 help to break down and explain the different aspects of having a marketing",SUPPORTED,UNVERIFIED,0.4014,0.0021,0.0129,0.5025,0.5737,0.5025,1.0,
16241_c3,"They discuss digital marketing strategies and resources for small business owners, but do not mention print marketing specifically.","Question: how print marketing can help grow your business 2016

passage 1:The elements of a marketing funnel can seem like a lot to put together, but they're simple concepts when broken down. You'll see that numbers 3,4 and 5 help to break down and explain the different aspects of having a marketing",SUPPORTED,UNVERIFIED,0.4015,0.0009,0.0449,0.5456,0.6033,0.5456,1.0,
16241_c4,"Therefore, I cannot provide an answer to the question based on the given passages.","Question: how did different groups understand or experience the four freedoms differently

passage 1:Sometimes we fail to hear or heed these voices of freedom because to us the privilege of our freedom is such an old, old story. —Franklin Delano Roosevelt, in his Third Inaugural Address, January 20,",SUPPORTED,CONTRADICTED,0.4637,0.0005,0.1992,0.5888,0.6045,0.5888,0.8,
16554_c2,This crisis is similar to the debt issues faced by millions of individuals.,"the past two months brought a new twist to the crisis. Hundreds of graduates of the now-defunct Corinthian joined a ""debt strike,"" publicly declaring their refusal to pay back their loans. In response, Education Department Secretary Arne Duncan signaled a willingness to forgive loans of Corinthian g",SUPPORTED,CONTRADICTED,0.3942,0.0004,0.0017,0.6279,0.6348,0.6279,1.0,
16555_c2,It is similar to the debt crisis faced by individuals.,"the past two months brought a new twist to the crisis. Hundreds of graduates of the now-defunct Corinthian joined a ""debt strike,"" publicly declaring their refusal to pay back their loans. In response, Education Department Secretary Arne Duncan signaled a willingness to forgive loans of Corinthian g",SUPPORTED,UNVERIFIED,0.3703,0.0004,0.0014,0.6564,0.6751,0.6564,1.0,
16556_c1,"The Euro crisis refers to the financial difficulties faced by several European countries within the Eurozone, which use the euro as their common currency.","Question: what is the eurozone crisis in simple terms

passage 1:The Euro crisis may seem a bit baffling to some but actually the Euro crisis is no different from the debt crisis being faced by millions of people today.

passage 2:Eurozone crisis was one of the most used terms through 2011, but few ",UNVERIFIED,SUPPORTED,0.4335,0.0003,0.0003,0.5933,0.7389,0.5933,1.0,
16557_c1,The Eurozone crisis can be simply defined as a financial crisis affecting several European countries that use the Euro currency.,"Question: what is the eurozone crisis in simple terms

passage 1:The Euro crisis may seem a bit baffling to some but actually the Euro crisis is no different from the debt crisis being faced by millions of people today.

passage 2:Eurozone crisis was one of the most used terms through 2011, but few ",UNVERIFIED,SUPPORTED,0.4401,0.0004,0.0007,0.6037,0.7592,0.6037,1.0,
16557_c2,"It is characterized by excessive spending and borrowing by some European countries, leading to large amounts of debt.","Question: what is the eurozone crisis in simple terms

passage 1:The Euro crisis may seem a bit baffling to some but actually the Euro crisis is no different from the debt crisis being faced by millions of people today.

passage 2:Eurozone crisis was one of the most used terms through 2011, but few ",SUPPORTED,UNVERIFIED,0.3852,0.0004,0.0005,0.6132,0.6206,0.6132,1.0,
16557_c3,"According to Passage 1, the crisis is similar to the personal debt crisis faced by millions of people worldwide.","Question: what is the eurozone crisis in simple terms

passage 1:The Euro crisis may seem a bit baffling to some but actually the Euro crisis is no different from the debt crisis being faced by millions of people today.

passage 2:Eurozone crisis was one of the most used terms through 2011, but few ",SUPPORTED,UNVERIFIED,0.4019,0.0006,0.0012,0.596,0.6448,0.596,1.0,
16559_c1,"Sure, I can help you with that!","to have your back. I can no longer imagine doing this without her assistance. If you wonder why you would pay good money for a matchmaker, I did, too. I quickly realized that working with Lisa means you are investing in yourself, believing in yourself and knowing you are worth it. I love it that the",SUPPORTED,CONTRADICTED,0.5713,0.0027,0.4079,0.5633,0.5849,0.5633,0.6,
16559_c3,"It's similar to how individuals face debt crises when they spend more than they can afford, but on a much larger scale.","unnecessarily restrictive and the new bill is needed to spur investment and smooth the way for growth. The government is expected to reintroduce the new land bill when parliament reopens this week. On Sunday, thousands of farmers gathered in Delhi at a rally led by opposition Congress party to prote",SUPPORTED,CONTRADICTED,0.4078,0.0004,0.0015,0.6118,0.6157,0.6118,1.0,
16559_c4,"The crisis affected several countries in the Eurozone, including Greece, Italy, Spain, and Portugal, among others.","Question: what is the eurozone crisis in simple terms

passage 1:The Euro crisis may seem a bit baffling to some but actually the Euro crisis is no different from the debt crisis being faced by millions of people today.

passage 2:Eurozone crisis was one of the most used terms through 2011, but few ",UNVERIFIED,SUPPORTED,0.4074,0.0002,0.0006,0.6352,0.6892,0.6352,1.0,
16559_c5,"It led to concerns about the stability of the single currency, the Euro, and the potential collapse of the Eurozone itself.","Question: what is the eurozone crisis in simple terms

passage 1:The Euro crisis may seem a bit baffling to some but actually the Euro crisis is no different from the debt crisis being faced by millions of people today.

passage 2:Eurozone crisis was one of the most used terms through 2011, but few ",UNVERIFIED,SUPPORTED,0.413,0.0005,0.0008,0.5999,0.6774,0.5999,1.0,
10674_c2,"They operate from Tuesday to Sunday with different opening hours, and are closed on Mondays.","and the staff member said she had already done last call (They close at 10). She turned at least 6 people away and was not friendly. The last time I was there I was also rushed through my glass, and this same staff member said I needed to finish it within 15 minutes (I ended up returning the glass t",SUPPORTED,CONTRADICTED,0.569,0.0574,0.1097,0.5742,0.5949,0.5742,0.8,
10674_c3,The business has a rating of 4.0 stars.,"the aesthetic of all the craft cocktails and the chill vibes.""}, {""review_stars"": 2.0, ""review_date"": ""2020-03-15 19:59:28"", ""review_text"": ""Good atmosphere. Fun, hip decor. However the service is awful. Waited for 10 minutes at bar without being acknowledged Much room for improvement. I can see why",SUPPORTED,UNVERIFIED,0.3655,0.001,0.2148,0.7118,0.7162,0.7118,0.8,
10674_c4,"Customers' reviews are mixed, with some praising the good wood fired pizza, affordable prices, and quick service, encouraging support for this local business.","keeping it local and 5-star customer service!""}, {""review_stars"": 5.0, ""review_date"": ""2021-06-17 02:50:18"", ""review_text"": ""Best pizza I've had in Santa Barbara hands down. If you have the opportunity definitely check them out!""}, {""review_stars"": 5.0, ""review_date"": ""2020-12-24 04:02:25"", ""review_",SUPPORTED,UNVERIFIED,0.3693,0.0013,0.0036,0.685,0.6904,0.685,1.0,
10674_c5,"However, other reviews are critical of the quality and price, comparing it unfavorably to other pizza places.","or anything else. So definitely I need some improvement they need really need to work on their customer service they need to be a little bit more humble and maybe not everyone that goes there gets treated that way but definitely all customers should be treated with kindness and respect.""}, {""review_",SUPPORTED,CONTRADICTED,0.4125,0.0003,0.1101,0.6579,0.6832,0.6579,1.0,
10674_c6,"Some customers found the pizza to be mediocre and overpriced, while others enjoyed the pizza but were disappointed with the garlic bread.","or anything else. So definitely I need some improvement they need really need to work on their customer service they need to be a little bit more humble and maybe not everyone that goes there gets treated that way but definitely all customers should be treated with kindness and respect.""}, {""review_",SUPPORTED,CONTRADICTED,0.374,0.0014,0.1627,0.6826,0.7019,0.6826,0.8,
10674_c7,"The restaurant offers parking in a lot, accepts reservations, but it's unclear if they offer services like outdoor seating, Wi-Fi, takeout, music, or if they're good for groups.","pits and heaters to keep the space warm. I would highly recommend the space if you are looking for a place to host an event, or just to come in for a drink. I (and my friends) will definitely be back!""}, {""review_stars"": 2.0, ""review_date"": ""2017-12-29 07:15:27"", ""review_text"": ""PERMANENTLY CLOSED!!",SUPPORTED,UNVERIFIED,0.3762,0.0003,0.0028,0.69,0.7085,0.69,1.0,
10675_c2,The restaurant specializes in wood-fired pizza and falls under the categories of Restaurants and Pizza.,"name: Santa Barbara's Wood Fired Pizza
address: 2840 De La Vina St
city: Santa Barbara
state: CA
categories: Food, Sandwiches, Food Delivery Services, Pizza, Restaurants, Italian
hours: {""Monday"": ""0:0-0:0"", ""Tuesday"": ""15:0-21:0"", ""Wednesday"": ""15:0-21:0"", ""Thursday"": ""12:0-17:45"", ""Friday"": ""15:0-",SUPPORTED,CONTRADICTED,0.4001,0.3199,0.014,0.6775,0.6919,0.6775,0.6,
10675_c3,"The hours of operation are as follows: Tuesday to Thursday from 11:00 AM to 9:00 PM, Friday from 3:00 PM to 10:00 PM, Saturday from 11:00 AM to 10:00 PM, and Sunday from 12:00 PM to 9:00 PM.","name: Break Time
address: 5977 Encina Rd
city: Goleta
state: CA
categories: Nightlife, Dive Bars, Bars, Sports Bars, Pool Halls
hours: {""Monday"": ""11:0-2:0"", ""Tuesday"": ""11:0-2:0"", ""Wednesday"": ""11:0-2:0"", ""Thursday"": ""11:0-2:0"", ""Friday"": ""11:0-2:0"", ""Saturday"": ""11:0-2:0"", ""Sunday"": ""10:0-0:0""}
at",SUPPORTED,CONTRADICTED,0.8162,0.2329,0.4532,0.6185,0.6267,0.6185,0.4,
10675_c5,One customer specifically mentioned that they preferred it over non-local pizza places and encouraged supporting local businesses.,and it's the best in town. I just had to try. \nThey did not disappoint. Pizza crust was soft and the crust had flavor on the bbq chicken pizza was so good just the pizza sauce was just the right tangy We also got chicken wing plain and ranch dipping sauce. I was disappointed on the size of the wing,SUPPORTED,CONTRADICTED,0.3803,0.0008,0.0109,0.6516,0.6636,0.6516,1.0,
10675_c6,"However, another customer expressed dissatisfaction, comparing it unfavorably to Rustys pizza, criticizing the flavor and pricing.","the best. But it's like the employees don't know how to talk to customers. The delivery man was nice though, hope my tip actually went to him.""}, {""review_stars"": 1.0, ""review_date"": ""2021-02-12 21:15:16"", ""review_text"": ""I wish I could give zero stars. This is the worst experience I have had at a r",SUPPORTED,UNVERIFIED,0.3787,0.0007,0.1908,0.6833,0.711,0.6833,0.8,
10675_c8,"While the specific ambiance and amenities of the restaurant were not mentioned in the structured data, it is known that reservations are available and outdoor seating, WiFi, takeout services, and suitability for groups are unspecified.",also attached to the tea place next door and all the workers were more situated there. Thus it was a while and took effort to get a table at the restaurant side. Even tho there was only one other party there... \n\nWe came for the beef noodle soup and coffee. The soup Is the first picture on Yelp an,SUPPORTED,CONTRADICTED,0.8204,0.1105,0.45,0.5715,0.5892,0.5715,0.6,
10676_c2,They specialize in wood-fired pizza and are categorized as restaurants and pizza establishments.,"name: Nicky D's Wood fired Pizza
address: 2840 De La Vina St
city: Santa Barbara
state: CA
categories: Pizza, Restaurants
hours: {""Monday"": ""12:0-21:0"", ""Tuesday"": ""12:0-21:0"", ""Wednesday"": ""12:0-21:0"", ""Thursday"": ""12:0-21:0"", ""Friday"": ""12:0-21:0"", ""Saturday"": ""12:0-21:0"", ""Sunday"": ""12:0-21:0""}
a",SUPPORTED,CONTRADICTED,0.5627,0.5405,0.0082,0.6233,0.6331,0.6233,0.6,
10676_c5,"Based on the reviews provided, their prices are reasonable, and the quality of their food exceeds that of other non-local pizzerias.","for big parties. N the sandwiches are all delicious. \nGreat lunch time specials and affordable. \nNice cold.Tall mug of beers are always nice. Great selection of brews. \nGreat location. N awesome customer service. \nThank you. Always hits the stop.""}, {""review_stars"": 5.0, ""review_date"": ""2019-02-",SUPPORTED,CONTRADICTED,0.3694,0.0004,0.1965,0.6683,0.6744,0.6683,0.8,
10676_c6,Customers have praised their wood-fired pizza and garlic bread.,"for big parties. N the sandwiches are all delicious. \nGreat lunch time specials and affordable. \nNice cold.Tall mug of beers are always nice. Great selection of brews. \nGreat location. N awesome customer service. \nThank you. Always hits the stop.""}, {""review_stars"": 5.0, ""review_date"": ""2019-02-",SUPPORTED,CONTRADICTED,0.3861,0.0017,0.0072,0.6576,0.659,0.6576,1.0,
10676_c7,"However, some customers have criticized the texture of the crust and the lack of cheese in their pizzas.","or anything else. So definitely I need some improvement they need really need to work on their customer service they need to be a little bit more humble and maybe not everyone that goes there gets treated that way but definitely all customers should be treated with kindness and respect.""}, {""review_",SUPPORTED,UNVERIFIED,0.3884,0.0007,0.1787,0.68,0.7653,0.68,0.8,
10677_c1,"Based on the provided structured data, here is an objective overview of Lilsy Wood Fired Pizza:

Lilsy Wood Fired Pizza is a locally owned restaurant located in Santa Barbara, California, serving wood-fired pizzas and other Italian-inspired dishes.","name: Lilsy Wood Fired Pizza
address: 2840-B De La Vina St
city: Santa Barbara
state: CA
categories: Restaurants, Pizza
hours: {""Monday"": ""0:0-0:0"", ""Tuesday"": ""11:0-21:0"", ""Wednesday"": ""11:0-21:0"", ""Thursday"": ""11:0-21:0"", ""Friday"": ""3:0-22:0"", ""Saturday"": ""11:0-22:0"", ""Sunday"": ""12:0-21:0""}
attrib",UNVERIFIED,SUPPORTED,0.4725,0.7462,0.0097,0.7107,0.769,0.7107,0.8,
10677_c2,"The business has received generally positive reviews from customers, with an overall rating of 4.0 stars.","on by - thank goodness !""}, {""review_stars"": 4.0, ""review_date"": ""2021-12-28 19:02:22"", ""review_text"": ""The wait to be seated was short despite the long line, they work quickly to get your food in front of you. The Customer service at this place is awesome and deserves 5 stars by itself. They are ve",SUPPORTED,UNVERIFIED,0.3694,0.0005,0.2376,0.6982,0.7016,0.6982,0.8,
10677_c3,"Reviewers have praised the quality of the pizza, noting that it is made with fresh ingredients and cooked to perfection in a wood-fired oven.",maintenance thinking after eating a pizza at a friend's house. It's NOT that difficult to throw it in the oven and the instructions are right on the packaging. The pizza came out of the oven smelling amazing and it was perfectly cooked! I took a bite and my goodness! Fresh baked pizza with little wo,SUPPORTED,UNVERIFIED,0.379,0.0039,0.0017,0.6873,0.7139,0.6873,1.0,
10677_c4,Some customers have also appreciated the affordable prices and quick service.,"of regular customers and to properly type up the names of customers correctly. She asked me twice how to spell my name and after I got my order, she asked me again. I can tell she really cares about her role as a cashier and taking names down as the customer wants it. Thus, the service is amazing an",SUPPORTED,CONTRADICTED,0.395,0.0005,0.2007,0.6467,0.6557,0.6467,0.8,
10677_c5,"However, there are some mixed reviews, with some customers expressing disappointment in the quantity and quality of the garlic bread served as a side.",For us the people gathering their food blocked our view to the outside courtyard. The waiters seemed overtaxed. Our waiter said they were not understaffed but overloaded with dinners. Seems at a quality restaurant there would be ample personnel to meet the needs of the diners. Lastly my ham was over,SUPPORTED,CONTRADICTED,0.3639,0.0007,0.2017,0.6675,0.6766,0.6675,0.8,
10678_c2,The restaurant has a rating of 4.0 stars based on reviews from customers.,"their professionalism. You might face a significant waiting time. But the guys who own the place are very nice and welcoming!""}, {""review_stars"": 2.0, ""review_date"": ""2017-08-16 04:25:27"", ""review_text"": ""Have to disagree with rave reviews on this one. We were shown a menu and then told they only ha",SUPPORTED,UNVERIFIED,0.3908,0.0027,0.209,0.7845,0.7887,0.7845,0.8,
10678_c3,"Some reviewers praised the pizza as being ""good"" and ""better than non-local places,"" while others found the prices to be too high and the food to be mediocre.","or anything else. So definitely I need some improvement they need really need to work on their customer service they need to be a little bit more humble and maybe not everyone that goes there gets treated that way but definitely all customers should be treated with kindness and respect.""}, {""review_",SUPPORTED,UNVERIFIED,0.3799,0.0013,0.0301,0.7272,0.7373,0.7272,1.0,
10678_c4,"One reviewer specifically noted that the Cotto Carne pizza was tasty, but the garlic bread was not what they expected.","\""soppressata\"" supposedly one of the most popular) gave us no joy.\n\nThis isn't even \""thick crust\"". This is just bad bread with mediocre use of toppings. \n\nUnsuccessful flavor combination.\nHeavy and filling (in a bad way).\n\nI will never make that mistake again.\nI just don't understand.. if",SUPPORTED,UNVERIFIED,0.3764,0.0013,0.0055,0.6894,0.7062,0.6894,1.0,
10678_c5,"The restaurant offers outdoor seating and takes reservations, but does not have WiFi or validate parking.",to sit and enjoy dinner with it 53 degrees outside but were blasted with freezing air from the AC! The AC was probably set to 60 something. \n\nI should have known it was going to be bad from seeing all 4 cars in the parking lot. This is NOT the same restaurant it once was. I will NOT be back unless,UNVERIFIED,CONTRADICTED,0.393,0.0002,0.0243,0.646,0.6606,0.646,1.0,
10678_c6,The ambiance is casual and there is no live music or entertainment.,"it is dirty, I.e. really dated/small restrooms, flies buzzing around the table and really dirty awnings overhead. The staff was very young. It is incredibly overpriced. The restaurant could thrive again in such a great location on a creek, but it needs a new look and much better food, especially at ",UNVERIFIED,CONTRADICTED,0.4336,0.0006,0.005,0.5523,0.5554,0.5523,1.0,
10679_c1,"Lilsy Wood Fired Pizza is a locally owned restaurant located in Santa Barbara, CA, offering wood-fired pizza and other Italian-inspired dishes.","name: Lilsy Wood Fired Pizza
address: 2840-B De La Vina St
city: Santa Barbara
state: CA
categories: Restaurants, Pizza
hours: {""Monday"": ""0:0-0:0"", ""Tuesday"": ""11:0-21:0"", ""Wednesday"": ""11:0-21:0"", ""Thursday"": ""11:0-21:0"", ""Friday"": ""3:0-22:0"", ""Saturday"": ""11:0-22:0"", ""Sunday"": ""12:0-21:0""}
attrib",UNVERIFIED,CONTRADICTED,0.5126,0.7115,0.193,0.7014,0.7424,0.7014,0.6,
10679_c2,"According to their business listing, they have a 4.0-star rating and are known for their good quality pizzas, fair prices, and quick service.","for big parties. N the sandwiches are all delicious. \nGreat lunch time specials and affordable. \nNice cold.Tall mug of beers are always nice. Great selection of brews. \nGreat location. N awesome customer service. \nThank you. Always hits the stop.""}, {""review_stars"": 5.0, ""review_date"": ""2019-02-",SUPPORTED,CONTRADICTED,0.3721,0.0786,0.0083,0.7015,0.7104,0.7015,1.0,
10679_c3,"The restaurant has a casual atmosphere and offers outdoor seating, but does not have Wi-Fi or takeout options.",also attached to the tea place next door and all the workers were more situated there. Thus it was a while and took effort to get a table at the restaurant side. Even tho there was only one other party there... \n\nWe came for the beef noodle soup and coffee. The soup Is the first picture on Yelp an,UNVERIFIED,CONTRADICTED,0.3851,0.0003,0.0025,0.6439,0.6499,0.6439,1.0,
10679_c4,"Some customers have praised the restaurant's pizzas, saying they are delicious and flavorful, while others have found them to be overpriced and lacking in cheese and toppings.","or anything else. So definitely I need some improvement they need really need to work on their customer service they need to be a little bit more humble and maybe not everyone that goes there gets treated that way but definitely all customers should be treated with kindness and respect.""}, {""review_",SUPPORTED,UNVERIFIED,0.3619,0.0018,0.3278,0.6893,0.7194,0.6893,0.8,
10679_c5,"Lilsy Wood Fired Pizza is open seven days a week, from 11am to 10pm, and accepts reservations.","name: Lilsy Wood Fired Pizza
address: 2840-B De La Vina St
city: Santa Barbara
state: CA
categories: Restaurants, Pizza
hours: {""Monday"": ""0:0-0:0"", ""Tuesday"": ""11:0-21:0"", ""Wednesday"": ""11:0-21:0"", ""Thursday"": ""11:0-21:0"", ""Friday"": ""3:0-22:0"", ""Saturday"": ""11:0-22:0"", ""Sunday"": ""12:0-21:0""}
attrib",CONTRADICTED,SUPPORTED,0.3639,0.2943,0.1316,0.6686,0.7323,0.6686,0.8,
7056_c2,The Cafe operates from 8:00 AM to 1:00 PM from Monday to Friday and from 7:30 AM to 2:00 PM on weekends.,"name: Spa Café
address: 8301 Hollister Ave
city: Goleta
state: CA
categories: Cafes, Restaurants
hours: {""Monday"": ""7:0-13:0"", ""Tuesday"": ""7:0-13:0"", ""Wednesday"": ""7:0-13:0"", ""Thursday"": ""7:0-13:0"", ""Friday"": ""7:0-13:0"", ""Saturday"": ""7:0-13:0"", ""Sunday"": ""7:0-13:0""}
attributes: {""BusinessParking"": n",SUPPORTED,UNVERIFIED,0.3831,0.2537,0.3973,0.6704,0.6869,0.6704,0.4,
7056_c4,"The cafe offers outdoor seating, free WiFi, and is suitable for groups.","nice and accommodating. Seems like a nice, quiet environment to sit and work in. I like the variety of items on the menu as far as coffees/drinks go. The caramel latte was very good, the drinks are all very unique and are presented very well. I have never had the food items so I can not say if I wou",SUPPORTED,CONTRADICTED,0.3894,0.0009,0.0024,0.6274,0.6396,0.6274,1.0,
7056_c5,"However, it does not take reservations.","sorry to say, something has changed here, and not for the better.\n\nThe first sign was through the reservation process - don't bother with the website since they can't seem to handle that.\n\nBut, for better or worse, I secured a reservation for eight on a Saturday night, from the day before. Gener",SUPPORTED,CONTRADICTED,0.4951,0.0002,0.1665,0.5934,0.602,0.5934,0.8,
7056_c6,"The establishment is described as classy yet casual, with street parking available.","nice and accommodating. Seems like a nice, quiet environment to sit and work in. I like the variety of items on the menu as far as coffees/drinks go. The caramel latte was very good, the drinks are all very unique and are presented very well. I have never had the food items so I can not say if I wou",SUPPORTED,CONTRADICTED,0.3912,0.0007,0.0012,0.6172,0.6316,0.6172,1.0,
7056_c7,Customer reviews indicate mixed feelings about the cafe.,"drive by of how packed they are and people waiting to get in pretty good indicator.""}, {""review_stars"": 1.0, ""review_date"": ""2021-09-03 00:15:58"", ""review_text"": ""Extremely disappointed in recent take-out service. We have been customers since their opening. Recently have experienced them not answeri",SUPPORTED,UNVERIFIED,0.3898,0.0003,0.418,0.7365,0.7411,0.7365,0.6,
7056_c8,"Some customers complained about the quality and price of the food, while others praised the service, vegetarian options, and coffee quality.",For us the people gathering their food blocked our view to the outside courtyard. The waiters seemed overtaxed. Our waiter said they were not understaffed but overloaded with dinners. Seems at a quality restaurant there would be ample personnel to meet the needs of the diners. Lastly my ham was over,SUPPORTED,UNVERIFIED,0.3657,0.0009,0.2081,0.6852,0.6944,0.6852,0.8,
7056_c9,"The cafe received a 1-star review in January 2022, with criticism directed at the quality of lunch and allegations of unfair treatment of staff.","drive by of how packed they are and people waiting to get in pretty good indicator.""}, {""review_stars"": 1.0, ""review_date"": ""2021-09-03 00:15:58"", ""review_text"": ""Extremely disappointed in recent take-out service. We have been customers since their opening. Recently have experienced them not answeri",SUPPORTED,CONTRADICTED,0.4673,0.0012,0.2681,0.6239,0.6324,0.6239,0.8,
7056_c10,Another 1-star review criticized the price and quality of breakfast.,"not impressed. The flavor also was lacking a bit as it's not seasoned all that well.""}, {""review_stars"": 1.0, ""review_date"": ""2014-11-28 21:48:31"", ""review_text"": ""I'm not sure how this place is getting good reviews. I'm staying at the hotel because my daughter is hospitalized at cottage. Having to ",SUPPORTED,UNVERIFIED,0.3689,0.0003,0.0011,0.6666,0.6738,0.6666,1.0,
7056_c11,"However, a 5-star review in December 2021 praised the service, vegetarian options, and coffee.","service. \n\nSamosa, lamb curry, cauliflower and spinach curry all well done.""}, {""review_stars"": 5.0, ""review_date"": ""2014-05-05 04:17:54"", ""review_text"": ""We stopped by on our way back to LA. It doesn't look like much from outside, but we loved the food. My husband and I are vegan and they were ve",SUPPORTED,CONTRADICTED,0.4546,0.0755,0.0272,0.6708,0.6767,0.6708,1.0,
7056_c12,The business's overall star rating stands at 4.0.,"see if they deserve and upgrade.""}, {""review_stars"": 4.0, ""review_date"": ""2014-03-02 15:38:33"", ""review_text"": ""This is a great spot for a drink and some dessert. The dinner menu is decent but the price and size do not match. Don't come hungry, but do enjoy a specialty drink.""}, {""review_stars"": 5.0",SUPPORTED,CONTRADICTED,0.4331,0.0008,0.0679,0.6446,0.6569,0.6446,1.0,
7057_c2,"It is a restaurant that offers a variety of options including burgers, American (New) cuisine, diners, breakfast & brunch, fish & chips, and more.","on offer. The wine list is solid both by the glass and bottles but they could probably use a few more beers on tap. As it was they had the basics with a couple of local breweries represented ( just FYI not everyone loves IPA's ) Food wise, the menu is stacked. There are several burgers as well as so",SUPPORTED,UNVERIFIED,0.3704,0.0004,0.0055,0.6775,0.6903,0.6775,1.0,
7057_c3,The cafe is open from 8:00 am to 1:00 pm on weekdays and from 7:30 am to 2:00 pm on weekends.,"name: Spa Café
address: 8301 Hollister Ave
city: Goleta
state: CA
categories: Cafes, Restaurants
hours: {""Monday"": ""7:0-13:0"", ""Tuesday"": ""7:0-13:0"", ""Wednesday"": ""7:0-13:0"", ""Thursday"": ""7:0-13:0"", ""Friday"": ""7:0-13:0"", ""Saturday"": ""7:0-13:0"", ""Sunday"": ""7:0-13:0""}
attributes: {""BusinessParking"": n",SUPPORTED,CONTRADICTED,0.6179,0.4186,0.0417,0.6701,0.6766,0.6701,0.6,
7057_c4,"Based on the provided review data, the cafe has received mixed feedback from customers.","drive by of how packed they are and people waiting to get in pretty good indicator.""}, {""review_stars"": 1.0, ""review_date"": ""2021-09-03 00:15:58"", ""review_text"": ""Extremely disappointed in recent take-out service. We have been customers since their opening. Recently have experienced them not answeri",SUPPORTED,CONTRADICTED,0.3574,0.0007,0.2909,0.6859,0.6948,0.6859,0.8,
7057_c5,"One customer left a negative review, mentioning concerns about the quality of the food and the treatment of the staff.","proceeded to call us liars and say he asked for a turkey sub. I told her she didn't have to be so rude so she told me to \""get the f**k out b***h\"" and if I had a problem with it I could \""call her f***ing manager\"". Also she proceeded to cuss us as we walked out of the store. It was quite unaccepta",SUPPORTED,UNVERIFIED,0.3836,0.0026,0.0036,0.7435,0.754,0.7435,1.0,
7057_c6,"However, another customer had a positive experience, highlighting the great service, cafe-quality coffee, and a variety of vegetarian options available, including a tofu scramble and a Spanish omelet.",her personal recommendation and she did not disappoint! She recommended an iced coconut/vanilla coffee with oat milk and it was so good! You could really taste the coconut. By far my favorite drink I tasted today. The dirty chai was good but it was very strong and kinda of bitter. Overall it's a cut,SUPPORTED,UNVERIFIED,0.3729,0.0007,0.198,0.699,0.7009,0.699,0.8,
7057_c7,"The outdoor seating area is well-spaced, and the staff is described as friendly and diligent.","nice and accommodating. Seems like a nice, quiet environment to sit and work in. I like the variety of items on the menu as far as coffees/drinks go. The caramel latte was very good, the drinks are all very unique and are presented very well. I have never had the food items so I can not say if I wou",SUPPORTED,UNVERIFIED,0.3716,0.0005,0.0011,0.6529,0.6765,0.6529,1.0,
7057_c8,"The cafe has a 4.0-star rating, indicating that it has generally received positive feedback from customers.","along the corridor. They take germs and the pandemic seriously here. I like their wine and alcohol list, and it's a peaceful spot for conversation. Because the restaurant looks quaint, sits up on a hill away from the sidewalk and busy street, and there's little tables in different little spots, it f",SUPPORTED,UNVERIFIED,0.3847,0.0003,0.4017,0.7101,0.7207,0.7101,0.6,
7057_c9,"The business offers free WiFi, takeout options, and is suitable for groups.",place has a decent feel and the food is really good. The staff was generally pretty decent save for the slovenly bartender who was a least 3 times drunker than any of the paying customers and the other bartender who ordered food off of my tab and proceeded to share it with the entire bar without my ,SUPPORTED,CONTRADICTED,0.3931,0.0003,0.0009,0.6297,0.6356,0.6297,1.0,
7057_c10,The ambience is described as casual and classy.,"nice and accommodating. Seems like a nice, quiet environment to sit and work in. I like the variety of items on the menu as far as coffees/drinks go. The caramel latte was very good, the drinks are all very unique and are presented very well. I have never had the food items so I can not say if I wou",SUPPORTED,CONTRADICTED,0.4493,0.0005,0.1779,0.6216,0.6344,0.6216,0.8,
7057_c11,"The parking is available on the street, and there is outdoor seating for customers to enjoy.","under the arched entrance that looked really nice, but they were taken, so we sat at a table on State Street in an outdoor dining area. We ordered several types of empanadas, which were all very good. The dough was light and fluffy. We ordered the carne, quinoa vegan, Serrano, and caprese empanadas.",SUPPORTED,CONTRADICTED,0.4052,0.0004,0.0017,0.6141,0.6196,0.6141,1.0,
7058_c2,"They offer a variety of cuisines such as burgers, American (new), diners, breakfast & brunch, fish & chips, and restaurants.","on offer. The wine list is solid both by the glass and bottles but they could probably use a few more beers on tap. As it was they had the basics with a couple of local breweries represented ( just FYI not everyone loves IPA's ) Food wise, the menu is stacked. There are several burgers as well as so",SUPPORTED,CONTRADICTED,0.3801,0.0005,0.0039,0.6502,0.6581,0.6502,1.0,
7058_c4,"In terms of amenities, they offer free WiFi, outdoor seating, and takeout options.","limited indoors so there is a line starting from the door.\n\nAt the time of my visit, outdoor dining was still allowed so there were patio furniture set up and some people were availing themselves of it.\n\nWhich was great because next door is Caffe Luxxe!""}, {""review_stars"": 5.0, ""review_date"": ""2",SUPPORTED,CONTRADICTED,0.4093,0.0003,0.0221,0.6271,0.6377,0.6271,1.0,
7058_c5,"However, they do not provide reservations, valet parking, or validated parking.",to sit and enjoy dinner with it 53 degrees outside but were blasted with freezing air from the AC! The AC was probably set to 60 something. \n\nI should have known it was going to be bad from seeing all 4 cars in the parking lot. This is NOT the same restaurant it once was. I will NOT be back unless,SUPPORTED,CONTRADICTED,0.6407,0.1279,0.1922,0.5579,0.5687,0.5579,0.6,
7058_c6,"Additionally, their ambiance is described as classy and casual, with no specific characteristics such as touristy, hipster, romantic, divey, or trendy.","start of a night out!""}, {""review_stars"": 5.0, ""review_date"": ""2017-06-11 00:22:00"", ""review_text"": ""What a fantastic treat to find a dedicated hip champagne lounge in downtown Santa Barbara. They do offer mote than champagne - and their selection if champagne and sparkling wines are great. It's a g",SUPPORTED,CONTRADICTED,0.4344,0.0004,0.0011,0.5315,0.5387,0.5315,1.0,
7058_c8,One reviewer gave a 1-star rating and stated that the food made them sick and that they would not support a business that does not treat their staff fairly.,"cognizant that we have placed like Yelp to express our pleasure or displeasure at the experiences we receive.""}, {""review_stars"": 1.0, ""review_date"": ""2011-02-24 05:34:42"", ""review_text"": ""worst service ever received- the food is not worth suffering through this aweful service!! server never asked u",SUPPORTED,UNVERIFIED,0.3813,0.0009,0.2031,0.6982,0.7142,0.6982,0.8,
7058_c9,Another reviewer gave a 1-star rating and criticized the quality of the food and service.,"dry, falls apart and lacking taste. However, the size of the sandwich and the vast menu, I'm still giving them 4 stars.""}, {""review_stars"": 2.0, ""review_date"": ""2021-09-24 18:19:56"", ""review_text"": ""I have been eating here for years with pretty consistent service and quality. Last week, however, I o",SUPPORTED,UNVERIFIED,0.3777,0.0006,0.0113,0.7068,0.7133,0.7068,1.0,
7058_c10,"On the other hand, a 5-star reviewer praised the service and the vegetarian options offered on the menu.","hope it will reopen and am giving it four stars because it is one of a few places in Isla Vista that genuinely (mostly; see the end of my review for why not) caters to vegans. If it weren't for this, I would be giving the place three stars--or, actually, I wouldn't be eating there, since I'm vegan, ",SUPPORTED,CONTRADICTED,0.3658,0.0362,0.0113,0.6971,0.7019,0.6971,1.0,
7058_c11,"While some customers have had negative experiences with the food and service, others have had positive experiences.","one I was able to eat was the chocolate crueller.\n\nI will say the girl who helped me was very friendly and was wearing a mask and washed her hands. So at least there's that!""}, {""review_stars"": 3.0, ""review_date"": ""2020-02-23 12:53:40"", ""review_text"": ""The donuts were okay and the store was not th",SUPPORTED,UNVERIFIED,0.3749,0.001,0.0423,0.7119,0.7174,0.7119,1.0,
7058_c12,It ultimately depends on personal preferences and expectations when deciding whether or not to visit this establishment.,"establishment (don't argue with me. see the little crown? above this review? yeah. beat it.)... i think its my duty that i provide my favorites to the public. \n\nI'm here every weekend. Not only because the food is amazing, but because the people that work here are amazing. Where else can you go wh",SUPPORTED,CONTRADICTED,0.417,0.0005,0.0014,0.5921,0.5966,0.5921,1.0,
7059_c2,The restaurant has a rating of 4.0 stars based on customer reviews.,"their professionalism. You might face a significant waiting time. But the guys who own the place are very nice and welcoming!""}, {""review_stars"": 2.0, ""review_date"": ""2017-08-16 04:25:27"", ""review_text"": ""Have to disagree with rave reviews on this one. We were shown a menu and then told they only ha",SUPPORTED,UNVERIFIED,0.3906,0.0029,0.2068,0.7852,0.7892,0.7852,0.8,
7059_c3,"Reviewers have praised the restaurant's service, with one reviewer commenting on how quickly they received their coffee and how friendly and diligent the staff were.","on by - thank goodness !""}, {""review_stars"": 4.0, ""review_date"": ""2021-12-28 19:02:22"", ""review_text"": ""The wait to be seated was short despite the long line, they work quickly to get your food in front of you. The Customer service at this place is awesome and deserves 5 stars by itself. They are ve",SUPPORTED,UNVERIFIED,0.38,0.0046,0.0663,0.726,0.7469,0.726,1.0,
7059_c4,"Another reviewer appreciated the vegetarian options, including a tofu scramble and hash browns that were perfectly cooked.","naan, was Himalayan special chow meon. From the spicy level of 1-10, we chose 7. It was delicious but a bit too spicy for me to fully enjoy although I can proudly say I can handle spicy food. Maybe next time I will choose 5. The food was amazing with cold beer. The price was very reasonable too. By ",SUPPORTED,CONTRADICTED,0.4103,0.0008,0.1089,0.6677,0.6838,0.6677,1.0,
7059_c5,"However, some reviewers have expressed disappointment with the quality of the food, including a reviewer who found the eggs to be of low quality and the pancakes to be overcooked.","my eggs, and they were overcooked. Bummer! Paid 7 for fresh OJ... also not tasty. Ordered French toast for my boy and it was definitely the best thing we ordered. I also got a croissant and I know this is brutal but Costco makes them better. Sorry guys I hate to be so negative but to spend 65 bucks ",UNVERIFIED,CONTRADICTED,0.3723,0.0005,0.0011,0.6633,0.6684,0.6633,1.0,
7059_c6,"One reviewer also criticized the restaurant's pricing, finding it to be too expensive for the quality of food provided.","food was good, ordered 4 small plates and enjoyed each of them, at least until we sipped the wine. The real killer was the pricing, it is expensive. At this price point we have higher expectations for service.\n\nIt is impossible for us to review this restaurant without comparing it to Olivers. Two ",SUPPORTED,UNVERIFIED,0.3711,0.0004,0.0169,0.6978,0.7011,0.6978,1.0,
7059_c7,"The restaurant's attributes include free WiFi, outdoor seating, and good ambiance.","here again and was impressed with the food and service. Obviously the setting is the biggest draw of the venue. It is situated perched above the beach with immaculate views of water, sand and cliffs. U can choose to sit outdoors or indoors, which also has views due to windows all around. There are s",SUPPORTED,UNVERIFIED,0.3689,0.0003,0.0014,0.6681,0.6769,0.6681,1.0,
7059_c9,"Additionally, some reviewers have raised concerns about the fairness of the staff's treatment and the quality of the ingredients used in the food.",For us the people gathering their food blocked our view to the outside courtyard. The waiters seemed overtaxed. Our waiter said they were not understaffed but overloaded with dinners. Seems at a quality restaurant there would be ample personnel to meet the needs of the diners. Lastly my ham was over,SUPPORTED,UNVERIFIED,0.3737,0.0002,0.3928,0.6811,0.6887,0.6811,0.6,
7060_c3,"According to their attributes, they do not accept reservations, have validated parking, or offer valet parking.","doesn't have a right to open your door."" When the detective comes back, he is irate and doesn't allow the driver to speak. ""I don't care what you have to say, people are allowed to park their cars on the side of the street without your interference,"" the detective tells the driver. ""I don't know whe",SUPPORTED,CONTRADICTED,0.565,0.0385,0.1759,0.5651,0.5849,0.5651,0.8,
7060_c4,"Their ambiance has been described as casual and classy, with no hipster or touristy vibe.","nice and accommodating. Seems like a nice, quiet environment to sit and work in. I like the variety of items on the menu as far as coffees/drinks go. The caramel latte was very good, the drinks are all very unique and are presented very well. I have never had the food items so I can not say if I wou",SUPPORTED,CONTRADICTED,0.4187,0.002,0.0004,0.5762,0.5837,0.5762,1.0,
7060_c5,"The restaurant has received mixed reviews, with some patrons praising the friendly service and good vegetarian options, while others have complained about the high prices and poor preparation of certain dishes.","their professionalism. You might face a significant waiting time. But the guys who own the place are very nice and welcoming!""}, {""review_stars"": 2.0, ""review_date"": ""2017-08-16 04:25:27"", ""review_text"": ""Have to disagree with rave reviews on this one. We were shown a menu and then told they only ha",SUPPORTED,UNVERIFIED,0.385,0.0004,0.0011,0.7174,0.7268,0.7174,1.0,
7060_c6,"One reviewer reported finding a hair in their food, while another noted that the eggs were not prepared as ordered.",the eggs were basically a gelatinous consistency almost as if they were only cooked on one side and the bottom side of the eggs touching the plate were completely raw like they just flipped a raw egg onto my plate and called it a day so I just simply did not finish the meal after I lost my appetite ,SUPPORTED,CONTRADICTED,0.3704,0.0006,0.0191,0.6606,0.6829,0.6606,1.0,
7060_c7,"However, another reviewer praised the cafe's quick service and filled cup of coffee.","well kept and friendly employees next appointment I have will stop back in.""}, {""review_stars"": 4.0, ""review_date"": ""2019-05-07 16:39:33"", ""review_text"": ""This place is pretty good. I got a chocolate peanut butter banana shake. Overpriced in my opinion, over $5.00 and came in a very small cup. It's ",SUPPORTED,UNVERIFIED,0.3717,0.0019,0.0015,0.6935,0.6968,0.6935,1.0,
7060_c8,"While some patrons have enjoyed their dining experience, others have had issues with the quality of their meals and the high prices.","fare with a bit of a higher end take on it. Sliders, burgers, chicken plates, salads, apps, etc. Were were disappointed at the price of the drinks (house margs were $10) and NO pitchers of margs anymore! That sucked as that was one of the highlights of Cabos. \n\nFirst time there we ordered the slid",SUPPORTED,UNVERIFIED,0.3725,0.0005,0.0613,0.7001,0.7133,0.7001,1.0,
7061_c3,"The restaurant offers free Wi-Fi, outdoor seating, and takes reservations.","for the burrito to arrive, which was ok. I had eaten one of the cookies sold at the counter as a small appetizer. While an employee indicated that there was Wi-Fi, this really isn't set up for it. I had taken a tablet out to reference something, yet had to use my network. No big deal.\n\nI love retu",SUPPORTED,CONTRADICTED,0.4216,0.0003,0.0741,0.6586,0.6677,0.6586,1.0,
7061_c4,"The ambiance is casual and classy, with a 4.0-star rating based on customer reviews.","see if they deserve and upgrade.""}, {""review_stars"": 4.0, ""review_date"": ""2014-03-02 15:38:33"", ""review_text"": ""This is a great spot for a drink and some dessert. The dinner menu is decent but the price and size do not match. Don't come hungry, but do enjoy a specialty drink.""}, {""review_stars"": 5.0",SUPPORTED,CONTRADICTED,0.4229,0.0003,0.309,0.6499,0.6653,0.6499,0.8,
7061_c5,"The menu includes a variety of options such as burgers, sandwiches, salads, breakfast plates, and omelets.","or the steak sandwich, can't really be disappointed. There is also a kids meal that includes a great apple juice and fries for those kids who just have to have them! No matter what get the tempura green beans and onion rings; heck, you could skip the burgers and just have those!!! Easy parking and a",SUPPORTED,UNVERIFIED,0.372,0.0002,0.0026,0.6682,0.6873,0.6682,1.0,
7061_c6,They also have a separate menu for vegetarians and vegans.,"hope it will reopen and am giving it four stars because it is one of a few places in Isla Vista that genuinely (mostly; see the end of my review for why not) caters to vegans. If it weren't for this, I would be giving the place three stars--or, actually, I wouldn't be eating there, since I'm vegan, ",SUPPORTED,CONTRADICTED,0.4735,0.0108,0.1795,0.6464,0.6549,0.6464,0.8,
7061_c7,"The prices are moderate, with most dishes ranging from $10 to $20.","a sampler platter to get a little of everything. Food was delicious. Ribs had a good flavor, the pulled pork was sweet and smoky and the chicken leg was nicely sauced. The sides were very generous sized. The coleslaw had a nice flavor and slight crunch and wasn't too wet or too sweet. The pinto (?) ",SUPPORTED,CONTRADICTED,0.3654,0.0009,0.2025,0.6665,0.6775,0.6665,0.8,
7061_c8,"According to customer reviews, the service at Esau's Cafe is friendly and attentive, with servers keeping cups full throughout meals.",There's outdoor seating and shade or sun. They leave the doors open so there's good airflow. And there's also wonderful shirts on the wall honoring first responders and celebrating different fire stations.\n\nThey have fresh soup of the day and seasonal additions to the menu. We've had about three d,SUPPORTED,UNVERIFIED,0.3627,0.0123,0.3567,0.6547,0.6646,0.6547,0.6,
7061_c9,"The restaurant is known for its good vegetarian options, including a tofu scramble and a Spanish omelet.","here, perhaps to try other breakfast options or salads""}, {""review_stars"": 4.0, ""review_date"": ""2010-08-04 22:46:00"", ""review_text"": ""Gaucho Cafe is a no-frills salad and sandwich place with a DEEP menu that doesn't disappoint. The place has a huge selection of hot and cold sandwiches with plenty of",SUPPORTED,CONTRADICTED,0.3916,0.0002,0.0691,0.6699,0.686,0.6699,1.0,
7061_c10,The hash browns are also a popular choice among customers.,"of regular customers and to properly type up the names of customers correctly. She asked me twice how to spell my name and after I got my order, she asked me again. I can tell she really cares about her role as a cashier and taking names down as the customer wants it. Thus, the service is amazing an",SUPPORTED,CONTRADICTED,0.3949,0.0004,0.0017,0.6041,0.6208,0.6041,1.0,
7061_c11,"However, some customers have expressed concerns about the quality of the food, with one reviewer mentioning that the eggs were not prepared as ordered and the orange juice tasted like bad quality frozen concentrate.",really bad for the employee because she looked stressed. I did like how she told us it would take her 10 min before she took our order because she wanted to make the order for the big group before us. Ordering food was faster- seems like they had at least 2 people cooking. I ordered the green tea pe,SUPPORTED,UNVERIFIED,0.3772,0.0009,0.2056,0.6859,0.709,0.6859,0.8,
7061_c12,Another reviewer noted that the staff seemed unfriendly and uncaring.,"proceeded to call us liars and say he asked for a turkey sub. I told her she didn't have to be so rude so she told me to \""get the f**k out b***h\"" and if I had a problem with it I could \""call her f***ing manager\"". Also she proceeded to cuss us as we walked out of the store. It was quite unaccepta",SUPPORTED,CONTRADICTED,0.3599,0.0016,0.2011,0.6645,0.6831,0.6645,0.8,
7061_c14,"The outdoor seating area is spacious and well-maintained, making it a popular spot for locals and visitors alike.","nice and accommodating. Seems like a nice, quiet environment to sit and work in. I like the variety of items on the menu as far as coffees/drinks go. The caramel latte was very good, the drinks are all very unique and are presented very well. I have never had the food items so I can not say if I wou",SUPPORTED,CONTRADICTED,0.4087,0.0027,0.0011,0.613,0.6171,0.613,1.0,
2130_c3,It is also reported that LGBT people are pressured into gender reassignment procedures.,"""We're winning,"" he told a crowd in Chicago recently while promoting his latest book. I guess if you look at where the country was on LGBT issues 10 years ago, we definitely are. That's assuming you are part of the ""we"" who believe LGBT people should have the same rights as their heterosexual/cisgen",SUPPORTED,CONTRADICTED,0.4276,0.0004,0.0281,0.6147,0.6269,0.6147,1.0,
2133_c1,"Laurence Rasti, a Swiss-born Iranian photographer, documented the lives of over 300 LGBTQ+ refugees in the small town of Denizli, Turkey.","view into the spirit of these refugees. Despite their status -- they cannot earn a living in Turkey and it take years to getting papers to go to a new country -- the refugees are still full of hope and love despite their rough lives, Rasti said. It's even more remarkable, she said, when you consider",CONTRADICTED,SUPPORTED,0.5578,0.0003,0.0002,0.6924,0.8084,0.6924,1.0,
2135_c2,"Iran criminalizes homosexuality, and those caught face execution, lashings, or forced gender reassignment.","They left Iran unwillingly, often in a hurry. It was for the best for these refugees. Iran is a difficult place to be gay or lesbian. Mahmoud Ahmadinejad, the former President of Iran, famously said during a 2007 trip to the United States, ""In Iran, we don't have homosexuals, like in your country."" ",SUPPORTED,UNVERIFIED,0.4043,0.0008,0.0003,0.6012,0.658,0.6012,1.0,
2135_c5,The project was part of her studies at Ecole Cantonale d'Art de Lausanne.,"by phone from Geneva. ""A lot of my friends are gay. And for me it was a huge cultural difference between Europe and Iran."" Rasti, whose yearlong project was part of her studies at Ecole Cantonale d'Art de Lausanne, said that when she first went to Turkey, it was difficult to get people to pose. They",SUPPORTED,UNVERIFIED,0.4087,0.0005,0.0075,0.5626,0.6348,0.5626,1.0,
8640_c2,"Although the restaurant doesn't offer parking facilities, it provides valet parking service.",also attached to the tea place next door and all the workers were more situated there. Thus it was a while and took effort to get a table at the restaurant side. Even tho there was only one other party there... \n\nWe came for the beef noodle soup and coffee. The soup Is the first picture on Yelp an,SUPPORTED,CONTRADICTED,0.4647,0.0002,0.2014,0.5787,0.6047,0.5787,0.8,
8640_c3,"The Blue Tavern is recognized for its free WiFi, outdoor seating, and its ability to accommodate groups.",place has a decent feel and the food is really good. The staff was generally pretty decent save for the slovenly bartender who was a least 3 times drunker than any of the paying customers and the other bartender who ordered food off of my tab and proceeded to share it with the entire bar without my ,SUPPORTED,UNVERIFIED,0.3883,0.1107,0.0053,0.5869,0.5969,0.5869,0.8,
8640_c4,The restaurant also offers reservation and take-out services.,place has a decent feel and the food is really good. The staff was generally pretty decent save for the slovenly bartender who was a least 3 times drunker than any of the paying customers and the other bartender who ordered food off of my tab and proceeded to share it with the entire bar without my ,SUPPORTED,UNVERIFIED,0.373,0.0003,0.0008,0.688,0.6999,0.688,1.0,
8640_c5,"The ambiance of the restaurant is casual, as indicated by its attributes.","along the corridor. They take germs and the pandemic seriously here. I like their wine and alcohol list, and it's a peaceful spot for conversation. Because the restaurant looks quaint, sits up on a hill away from the sidewalk and busy street, and there's little tables in different little spots, it f",SUPPORTED,UNVERIFIED,0.3705,0.0003,0.0016,0.6645,0.6787,0.6645,1.0,
8640_c6,"Despite its 4-star business rating, the reviews indicate some dissatisfaction with the restaurant's services and food.","drive by of how packed they are and people waiting to get in pretty good indicator.""}, {""review_stars"": 1.0, ""review_date"": ""2021-09-03 00:15:58"", ""review_text"": ""Extremely disappointed in recent take-out service. We have been customers since their opening. Recently have experienced them not answeri",SUPPORTED,UNVERIFIED,0.3867,0.0004,0.2022,0.7203,0.7313,0.7203,0.8,
8640_c7,Some customers complained about the unavailability of certain menu items and the perceived indifference of the restaurant's staff.,"swamped so I get it, I've worked in the industry before. When asked if I could simply just get a refund or another order made they refused. I asked to speak with a manager (who apparently is also the cook). He told me he had a lot of people in line to worry about and proceeded to yell at me and how ",SUPPORTED,CONTRADICTED,0.3799,0.0017,0.0071,0.6643,0.6663,0.6643,1.0,
8640_c8,"There are also mentions of the restaurant being closed temporarily, with one review noting its closure in 2015.","Are you temporarily closed? Closed forever? How can a business do that without letting customers know? If they are closed temporarily, it's not a good way to keep a customer coming back. I don't want to drive over there multiple times to see if they are open or closed. Very disappointed.""}, {""review",SUPPORTED,UNVERIFIED,0.3826,0.0006,0.198,0.6764,0.7112,0.6764,0.8,
8641_c2,It has received an average rating of 4.0 stars.,"the aesthetic of all the craft cocktails and the chill vibes.""}, {""review_stars"": 2.0, ""review_date"": ""2020-03-15 19:59:28"", ""review_text"": ""Good atmosphere. Fun, hip decor. However the service is awful. Waited for 10 minutes at bar without being acknowledged Much room for improvement. I can see why",SUPPORTED,CONTRADICTED,0.4151,0.0007,0.0319,0.6173,0.6319,0.6173,1.0,
8641_c3,The restaurant offers free WiFi and outdoor seating.,"for the burrito to arrive, which was ok. I had eaten one of the cookies sold at the counter as a small appetizer. While an employee indicated that there was Wi-Fi, this really isn't set up for it. I had taken a tablet out to reference something, yet had to use my network. No big deal.\n\nI love retu",SUPPORTED,CONTRADICTED,0.3735,0.0003,0.0072,0.6548,0.6695,0.6548,1.0,
8641_c4,"It also accepts reservations and takeout orders, making it convenient for customers.",place has a decent feel and the food is really good. The staff was generally pretty decent save for the slovenly bartender who was a least 3 times drunker than any of the paying customers and the other bartender who ordered food off of my tab and proceeded to share it with the entire bar without my ,SUPPORTED,CONTRADICTED,0.3921,0.0003,0.0094,0.6366,0.6465,0.6366,1.0,
8641_c5,"The business parking options include valet service, but there is no garage, street parking, validated parking, or parking lot available.","doesn't have a right to open your door."" When the detective comes back, he is irate and doesn't allow the driver to speak. ""I don't care what you have to say, people are allowed to park their cars on the side of the street without your interference,"" the detective tells the driver. ""I don't know whe",SUPPORTED,CONTRADICTED,0.5429,0.0005,0.3977,0.5406,0.5569,0.5406,0.6,
8641_c7,One review from September 2019 mentioned disappointment with the buffet not being available and commented that the restaurant seemed to be closed.,"Are you temporarily closed? Closed forever? How can a business do that without letting customers know? If they are closed temporarily, it's not a good way to keep a customer coming back. I don't want to drive over there multiple times to see if they are open or closed. Very disappointed.""}, {""review",SUPPORTED,UNVERIFIED,0.3685,0.0012,0.2002,0.6844,0.6958,0.6844,0.8,
8641_c8,"Another review from January 2015 described a negative dining experience, with the hostess showing a lack of care towards customers and limited seating options.","so long (with tables visibly open) and she began to berate us for some reason. We dealt with her mistreatment and allowed her to seat us. She sought to seat us away from the heaters on a winter evening but we quickly moved. Our actual waiter was very nice, fortunately. Again, the food was great but ",SUPPORTED,CONTRADICTED,0.3876,0.0007,0.1426,0.6594,0.6834,0.6594,0.8,
8641_c9,The review also mentioned disappointment with the taste of the prosciutto pizza.,"or anything else. So definitely I need some improvement they need really need to work on their customer service they need to be a little bit more humble and maybe not everyone that goes there gets treated that way but definitely all customers should be treated with kindness and respect.""}, {""review_",SUPPORTED,CONTRADICTED,0.3777,0.0024,0.2737,0.6634,0.6969,0.6634,0.6,
8641_c10,One customer review from January 2015 mentioned that the restaurant was temporarily closed and expressed hope for its reopening.,"Are you temporarily closed? Closed forever? How can a business do that without letting customers know? If they are closed temporarily, it's not a good way to keep a customer coming back. I don't want to drive over there multiple times to see if they are open or closed. Very disappointed.""}, {""review",SUPPORTED,UNVERIFIED,0.3728,0.0006,0.0027,0.6705,0.6945,0.6705,1.0,
8641_c11,"However, it is unclear from the provided data whether the restaurant has reopened since then.","Are you temporarily closed? Closed forever? How can a business do that without letting customers know? If they are closed temporarily, it's not a good way to keep a customer coming back. I don't want to drive over there multiple times to see if they are open or closed. Very disappointed.""}, {""review",SUPPORTED,CONTRADICTED,0.4558,0.0234,0.228,0.652,0.6629,0.652,0.8,
8641_c12,"However, the provided reviews indicate some negative experiences, including potential closure.","and she basically told me I shouldn't be asking the team to do things because I'm not their boss, but the other owner told me to ask the team for whatever I needed. Neither one apologized for his ridiculous behavior. This kind of stuff happened all night. At the end of the night, they were responsib",SUPPORTED,CONTRADICTED,0.4339,0.0005,0.2026,0.6263,0.6302,0.6263,0.8,
8642_c3,"According to customer reviews, the restaurant was previously located in a hotel building but has since closed.","What all of you should do. They are in the process of cleaning it and intend to re-open. Rumor has it in the hood that the people cleaning it said it was beyond gross. So there you have it.""}, {""review_stars"": 2.0, ""review_date"": ""2015-09-24 21:24:31"", ""review_text"": ""Thankfully this will be closing",SUPPORTED,UNVERIFIED,0.3852,0.0005,0.1131,0.715,0.7286,0.715,0.8,
8642_c5,"Another customer wrote that they had also had a bad experience there, but they wrote a review hoping that the restaurant would reopen soon.","and she basically told me I shouldn't be asking the team to do things because I'm not their boss, but the other owner told me to ask the team for whatever I needed. Neither one apologized for his ridiculous behavior. This kind of stuff happened all night. At the end of the night, they were responsib",SUPPORTED,CONTRADICTED,0.3506,0.0001,0.5996,0.7048,0.7088,0.7048,0.6,
8642_c6,"However, based on customer reviews, the restaurant seems to have closed down and may not be operating currently.","Are you temporarily closed? Closed forever? How can a business do that without letting customers know? If they are closed temporarily, it's not a good way to keep a customer coming back. I don't want to drive over there multiple times to see if they are open or closed. Very disappointed.""}, {""review",SUPPORTED,UNVERIFIED,0.391,0.0004,0.4054,0.7443,0.7683,0.7443,0.6,
8643_c1,"Based on the provided structured data, here is an objective overview of Blue Tavern:

Blue Tavern is a locally-owned restaurant located in Santa Barbara, California, serving American (New) and Peruvian cuisine.","name: Blue Tavern address: 119 State St city: Santa Barbara state: CA categories: American (New), Restaurants, Peruvian hours: None attributes: {""BusinessParking"": {""garage"": false, ""street"": false, ""validated"": false, ""lot"": false, ""valet"": true}, ""RestaurantsReservations"": true, ""OutdoorSeating"": ",UNVERIFIED,SUPPORTED,0.4872,0.5397,0.1403,0.6859,0.7577,0.6859,0.6,
8643_c2,The establishment has a rating of 4.0 stars and has received mixed reviews from customers.,"the aesthetic of all the craft cocktails and the chill vibes.""}, {""review_stars"": 2.0, ""review_date"": ""2020-03-15 19:59:28"", ""review_text"": ""Good atmosphere. Fun, hip decor. However the service is awful. Waited for 10 minutes at bar without being acknowledged Much room for improvement. I can see why",SUPPORTED,UNVERIFIED,0.3814,0.0004,0.0944,0.7568,0.7623,0.7568,1.0,
8643_c3,"Although the restaurant offers free WiFi and outdoor seating, some customers have reported poor service and a lack of attention from the hostess and servers.","thing they're in a tourist zone, because Petit Valentien can have a fresh supply of customers the waitress can abuse. As for this local, I'd recommend one of our other many fine dining establishments and give this one a wide berth, if service is important to you.\n\nTwo last comments: First, we noti",SUPPORTED,CONTRADICTED,0.3627,0.0003,0.2044,0.6753,0.6839,0.6753,0.8,
8643_c5,"Unfortunately, the restaurant appears to be temporarily closed according to one review.","Are you temporarily closed? Closed forever? How can a business do that without letting customers know? If they are closed temporarily, it's not a good way to keep a customer coming back. I don't want to drive over there multiple times to see if they are open or closed. Very disappointed.""}, {""review",SUPPORTED,UNVERIFIED,0.389,0.0005,0.3219,0.7504,0.7819,0.7504,0.6,
8644_c3,"However, the restaurant has received mixed reviews, with some customers praising the ambience and others expressing disappointment with the food and service.","strange texture, densely formed, and I wouldn't be surprised if it was pulled directly out of the freezer and put on the grill. The waiter was nice, but it is too bad the food wasn't good. The interior decor was a dark and dingy and felt like an extension of the biker bar next door. The patio looked",SUPPORTED,UNVERIFIED,0.3837,0.0006,0.0082,0.7168,0.7332,0.7168,1.0,
8644_c4,"One reviewer stated that they had a negative experience with the hostess, who seemed uninterested in serving them.","and she basically told me I shouldn't be asking the team to do things because I'm not their boss, but the other owner told me to ask the team for whatever I needed. Neither one apologized for his ridiculous behavior. This kind of stuff happened all night. At the end of the night, they were responsib",SUPPORTED,UNVERIFIED,0.3712,0.0002,0.1318,0.7028,0.7101,0.7028,0.8,
8644_c5,"Another reviewer reported that the pizza they ordered was overly salty and oily, leading them to throw it out and order food from another restaurant instead.","one of the pizzas on our order, so we had to remind him once all the other members got their food. By the time we finished our meals, that pizza was still not at the table. We also found hair baked into our bread, and another in one of our pastas. He also never grabbed our check, he just stared at i",SUPPORTED,CONTRADICTED,0.4007,0.0006,0.2109,0.6787,0.6847,0.6787,0.8,
8644_c6,"A third reviewer mentioned that the restaurant was temporarily closed, with no indication of when it might reopen.","Are you temporarily closed? Closed forever? How can a business do that without letting customers know? If they are closed temporarily, it's not a good way to keep a customer coming back. I don't want to drive over there multiple times to see if they are open or closed. Very disappointed.""}, {""review",SUPPORTED,UNVERIFIED,0.3837,0.0004,0.1841,0.6622,0.7182,0.6622,0.8,
8644_c7,"Despite these issues, some reviewers appreciated the free WiFi and outdoor seating at Blue Tavern.",place has a decent feel and the food is really good. The staff was generally pretty decent save for the slovenly bartender who was a least 3 times drunker than any of the paying customers and the other bartender who ordered food off of my tab and proceeded to share it with the entire bar without my ,SUPPORTED,UNVERIFIED,0.3824,0.0429,0.0035,0.6249,0.6403,0.6249,1.0,
8644_c8,"However, based on the mixed reviews and the fact that the restaurant is currently closed, potential customers may want to exercise caution when considering dining here.","Are you temporarily closed? Closed forever? How can a business do that without letting customers know? If they are closed temporarily, it's not a good way to keep a customer coming back. I don't want to drive over there multiple times to see if they are open or closed. Very disappointed.""}, {""review",SUPPORTED,UNVERIFIED,0.3854,0.0006,0.3926,0.7137,0.726,0.7137,0.6,
8645_c2,"It had a 4.0-star rating and offered free WiFi, outdoor seating, and TakeOut services.",the most unique mix of flavors. They serve it with a panna cotta and a slew of fruits and other honey. It was beautiful to look at but better to eat and might be the best dessert I've ever had. Only thing I wish they had was liquor as it's a beer and wine only but you come here for the food and for ,SUPPORTED,CONTRADICTED,0.3916,0.0004,0.3964,0.6511,0.6566,0.6511,0.6,
8645_c3,"However, the reviews tell a different story.","and tragedies on both sides. But while reports say that during the chaotic social breakdowns of the past year, black-owned businesses were mostly protected during bouts of violence, there's little evidence to suggest a pattern in which Asian businesses have been actively targeted out of racial animu",SUPPORTED,CONTRADICTED,0.3846,0.0006,0.0008,0.6408,0.6485,0.6408,1.0,
8645_c4,"Two of the three reviews are negative, mentioning poor customer service and subpar food.","drive by of how packed they are and people waiting to get in pretty good indicator.""}, {""review_stars"": 1.0, ""review_date"": ""2021-09-03 00:15:58"", ""review_text"": ""Extremely disappointed in recent take-out service. We have been customers since their opening. Recently have experienced them not answeri",SUPPORTED,UNVERIFIED,0.3742,0.0018,0.0023,0.6994,0.7022,0.6994,1.0,
8645_c5,"One reviewer even mentions that the hostess seemed uninterested in serving them, and they were told that visible, empty tables were reserved.","and she basically told me I shouldn't be asking the team to do things because I'm not their boss, but the other owner told me to ask the team for whatever I needed. Neither one apologized for his ridiculous behavior. This kind of stuff happened all night. At the end of the night, they were responsib",SUPPORTED,CONTRADICTED,0.3697,0.0004,0.0018,0.6541,0.6676,0.6541,1.0,
8645_c7,"The third reviewer mentions that the restaurant is temporarily closed, hoping that it will reopen soon.","Are you temporarily closed? Closed forever? How can a business do that without letting customers know? If they are closed temporarily, it's not a good way to keep a customer coming back. I don't want to drive over there multiple times to see if they are open or closed. Very disappointed.""}, {""review",SUPPORTED,CONTRADICTED,0.397,0.0007,0.1208,0.6631,0.6778,0.6631,0.8,
10896_c2,It is categorized as a restaurant that is good for groups and offers outdoor seating.,place has a decent feel and the food is really good. The staff was generally pretty decent save for the slovenly bartender who was a least 3 times drunker than any of the paying customers and the other bartender who ordered food off of my tab and proceeded to share it with the entire bar without my ,SUPPORTED,UNVERIFIED,0.3732,0.0005,0.0018,0.6907,0.7,0.6907,1.0,
10896_c3,It also provides a take-out option for customers.,"Domino's Emergency Pizza program is a clever way to offer comfort and support during challenging times. By providing a free medium two-topping pizza, Domino's shows their understanding of the power of good food in offering a momentary respite from a stressful situation. It's a thoughtful gesture tha",SUPPORTED,UNVERIFIED,0.3712,0.001,0.0009,0.6639,0.6761,0.6639,1.0,
10896_c4,"However, it does not provide WiFi or music, and reservations are not accepted.","""review_date"": ""2021-12-24 15:02:14"", ""review_text"": ""We were excited to try this place out, but we're extremely disappointed. The service was slow, it seemed like there were only two people working. The silverware was not very clean. The ambiance was awkward, very quiet, like a doctors office lobby",UNVERIFIED,CONTRADICTED,0.4298,0.0007,0.0111,0.5825,0.5891,0.5825,1.0,
10896_c5,"The restaurant has a parking lot but does not offer street parking, valet parking, or validated parking.",to sit and enjoy dinner with it 53 degrees outside but were blasted with freezing air from the AC! The AC was probably set to 60 something. \n\nI should have known it was going to be bad from seeing all 4 cars in the parking lot. This is NOT the same restaurant it once was. I will NOT be back unless,SUPPORTED,CONTRADICTED,0.3718,0.001,0.0018,0.6269,0.6546,0.6269,1.0,
10896_c6,The restaurant is rated 3.5 stars overall.,place has a decent feel and the food is really good. The staff was generally pretty decent save for the slovenly bartender who was a least 3 times drunker than any of the paying customers and the other bartender who ordered food off of my tab and proceeded to share it with the entire bar without my ,SUPPORTED,UNVERIFIED,0.3921,0.0002,0.2025,0.7775,0.7867,0.7775,0.8,
10896_c7,"Reviewers commend the restaurant for its general cleanliness, friendly staff, and quick service.","Good service. To be concise, an eating experience I've yet to have anywhere else They will be missed.""}, {""review_stars"": 5.0, ""review_date"": ""2019-08-27 02:38:00"", ""review_text"": ""Just had dinner here with some friends and family. The service was great. The food was fantastic. I had the buffet and ",SUPPORTED,UNVERIFIED,0.3847,0.0072,0.1391,0.721,0.7312,0.721,0.8,
10896_c8,One reviewer highlighted the shrimp fried rice and honey chicken as worth trying.,husband had the shrimp and crawfish pasta. We are half and switched plates so that we could enjoy both meals. They were rich and filling and satisfied the palette. Our kid had butter pasta and he ate it all. We ended with the Louisiana Bread Pudding. It was a delightful Creole experience in Californ,SUPPORTED,CONTRADICTED,0.4166,0.0004,0.4986,0.6845,0.6942,0.6845,0.6,
10896_c9,"However, some reviewers have expressed dissatisfaction with the portion sizes and certain dishes like the Pad Thai Chicken & Shrimp and the fried rice.","that you could clearly see had egg, onion, peas. When I commented that this fried rice looked nothing like that fried rice I was told \""this is the fried rice that comes with the combo\"". The plain rice came and was very starchy and smelled like a wet washcloth! If you know anything about cooking ri",SUPPORTED,UNVERIFIED,0.3789,0.0007,0.0023,0.6924,0.7108,0.6924,1.0,
10897_c1,"Pick Up Stix is a local business located at 5701 Calle Real in Goleta, CA.","name: Pick Up Stix address: 5701 Calle Real city: Goleta state: CA categories: Chinese, Restaurants, Fast Food hours: None attributes: {""BusinessParking"": {""garage"": false, ""street"": false, ""validated"": false, ""lot"": true, ""valet"": false}, ""RestaurantsReservations"": false, ""OutdoorSeating"": true, ""W",SUPPORTED,CONTRADICTED,0.565,0.4551,0.483,0.6502,0.6982,0.6502,0.6,
10897_c2,It is a Chinese restaurant that also offers fast food options.,"fried chicken, kung pao chicken (or pork? I forgot which of the two it was), potstickers, cream cheese wontons, egg drop soup, soft serve vanilla ice cream, etc. \nMy family & I were the first customers of the day, so we were the first ones to hit up the buffet. I don't know if that fact affects thi",SUPPORTED,UNVERIFIED,0.368,0.0005,0.0065,0.6816,0.6888,0.6816,1.0,
10897_c3,The business has a rating of 3.5 stars.,place has a decent feel and the food is really good. The staff was generally pretty decent save for the slovenly bartender who was a least 3 times drunker than any of the paying customers and the other bartender who ordered food off of my tab and proceeded to share it with the entire bar without my ,SUPPORTED,UNVERIFIED,0.3814,0.001,0.1116,0.7094,0.7207,0.7094,0.8,
10897_c5,"One customer mentioned that if they are looking for fast-food Americanized Chinese, they would not consider Panda Express but would choose Pick Up Stix instead.","name: Pick Up Stix address: 5701 Calle Real city: Goleta state: CA categories: Chinese, Restaurants, Fast Food hours: None attributes: {""BusinessParking"": {""garage"": false, ""street"": false, ""validated"": false, ""lot"": true, ""valet"": false}, ""RestaurantsReservations"": false, ""OutdoorSeating"": true, ""W",SUPPORTED,UNVERIFIED,0.3857,0.0069,0.114,0.6372,0.667,0.6372,0.8,
10897_c6,"They praised the taste and quality of the food, although they mentioned that the portion sizes can be small.","polite. The portion sizes are huge and our food came out less than 10 minutes after ordering! We left with full tummies and with plenty of leftovers for later. The food was good quality but wasn't memorable/special besides its serving size but we still enjoyed the experience.""}, {""review_stars"": 4.0",SUPPORTED,UNVERIFIED,0.3706,0.0009,0.0331,0.6718,0.7045,0.6718,1.0,
10897_c7,The cleanliness of the location and the friendly staff were also highlighted.,"this place. The employees are the nicest people and the food is just so great. I came to get food for take out and as soon as I walked in, there was a super nice girl waiting to greet me. I gave her my order and sat down to wait, she offered me free tea and offered my kids water as well. The order c",SUPPORTED,UNVERIFIED,0.3707,0.0005,0.0013,0.643,0.6661,0.643,1.0,
10897_c9,They also mentioned the value for money and the availability of a dollar menu with various options.,"a sampler platter to get a little of everything. Food was delicious. Ribs had a good flavor, the pulled pork was sweet and smoky and the chicken leg was nicely sauced. The sides were very generous sized. The coleslaw had a nice flavor and slight crunch and wasn't too wet or too sweet. The pinto (?) ",SUPPORTED,CONTRADICTED,0.3749,0.0006,0.1999,0.6462,0.6696,0.6462,0.8,
10897_c10,"However, one customer had a negative experience with the food, particularly the rice, and mentioned that it took 15 minutes to receive the order despite no other customers being present.",hot chicken meal. Was probably waiting a good 15 minutes and saw people after people go get there food. I finally go up to the counter to ask what's happening and get told sorry and that they were working on the order now. 5 minutes later I see a bag on the counter and go up again to finally get my ,SUPPORTED,UNVERIFIED,0.3739,0.0003,0.5843,0.7189,0.7313,0.7189,0.6,
10897_c11,"The quality of the food and friendly staff are praised, although there may be inconsistencies in portion sizes and food quality.",For us the people gathering their food blocked our view to the outside courtyard. The waiters seemed overtaxed. Our waiter said they were not understaffed but overloaded with dinners. Seems at a quality restaurant there would be ample personnel to meet the needs of the diners. Lastly my ham was over,SUPPORTED,CONTRADICTED,0.3706,0.0007,0.0011,0.6638,0.6712,0.6638,1.0,
10898_c2,"The restaurant offers a variety of Chinese dishes, as well as fast food options.","fried chicken, kung pao chicken (or pork? I forgot which of the two it was), potstickers, cream cheese wontons, egg drop soup, soft serve vanilla ice cream, etc. \nMy family & I were the first customers of the day, so we were the first ones to hit up the buffet. I don't know if that fact affects thi",SUPPORTED,UNVERIFIED,0.3718,0.0003,0.0105,0.6838,0.7018,0.6838,1.0,
10898_c3,"Customers have praised the restaurant for its delicious food, which is cooked quickly despite being fast food.","of regular customers and to properly type up the names of customers correctly. She asked me twice how to spell my name and after I got my order, she asked me again. I can tell she really cares about her role as a cashier and taking names down as the customer wants it. Thus, the service is amazing an",SUPPORTED,UNVERIFIED,0.3791,0.0011,0.2021,0.6915,0.708,0.6915,0.8,
10898_c4,"Some customers also noted that the portions tend to be smaller than expected, but the taste and quality of the food make up for it.",For us the people gathering their food blocked our view to the outside courtyard. The waiters seemed overtaxed. Our waiter said they were not understaffed but overloaded with dinners. Seems at a quality restaurant there would be ample personnel to meet the needs of the diners. Lastly my ham was over,SUPPORTED,CONTRADICTED,0.3805,0.0004,0.2018,0.6544,0.6658,0.6544,0.8,
